x0,y0,x1,y1,x2,y2,x3,y3,x4,y4,x5,y5,x6,y6,x7,y7,x8,y8,x9,y9,x10,y10,x11,y11,x12,y12,x13,y13,x14,y14,x15,y15,x16,y16,x17,y17,x18,y18,x19,y19,x20,y20,time
0.726339,0.662980,0.802723,0.626791,0.843355,0.567200,0.873394,0.518824,0.910801,0.474956,0.784218,0.482060,0.789667,0.408141,0.794967,0.359995,0.797179,0.324030,0.735191,0.482104,0.727984,0.398907,0.725665,0.346007,0.721927,0.301406,0.687565,0.496249,0.669979,0.423411,0.660616,0.370291,0.652997,0.325681,0.642498,0.517891,0.620236,0.458487,0.611401,0.416537,0.604403,0.377704,1572669373725
0.724098,0.680337,0.795184,0.643580,0.837657,0.590712,0.869676,0.541884,0.906918,0.493626,0.780423,0.493080,0.788386,0.420742,0.792973,0.370582,0.794164,0.331303,0.733627,0.493777,0.725870,0.419053,0.722704,0.362892,0.719799,0.315805,0.685498,0.508118,0.669139,0.443500,0.661109,0.388802,0.652141,0.342071,0.642093,0.530843,0.622450,0.476651,0.613471,0.434373,0.606112,0.393388,1572669373861
0.724827,0.695531,0.795100,0.655819,0.837599,0.601755,0.869177,0.552512,0.906630,0.504391,0.781258,0.504695,0.787541,0.431881,0.792462,0.381563,0.793977,0.343171,0.733597,0.506241,0.725579,0.430382,0.721457,0.375205,0.717649,0.328737,0.685664,0.521326,0.670330,0.454941,0.661630,0.400154,0.652587,0.353783,0.641573,0.543499,0.621203,0.487504,0.611707,0.445534,0.603910,0.405298,1572669373982
0.723441,0.704608,0.792971,0.664614,0.835661,0.611150,0.867412,0.561920,0.905587,0.512578,0.777693,0.513789,0.784235,0.440365,0.788741,0.389608,0.789989,0.351163,0.730490,0.516260,0.722221,0.440255,0.718369,0.384448,0.714893,0.337196,0.682711,0.532807,0.665903,0.465569,0.656518,0.411283,0.647021,0.364930,0.639160,0.557160,0.617462,0.499592,0.607918,0.457665,0.600309,0.417686,1572669374098
0.719139,0.722891,0.790864,0.682760,0.832161,0.630380,0.863385,0.579865,0.898964,0.530709,0.777018,0.534721,0.782185,0.457807,0.785722,0.407940,0.785922,0.371259,0.729039,0.535304,0.720457,0.456355,0.716672,0.400072,0.713126,0.354140,0.680720,0.549850,0.664432,0.480393,0.656070,0.424837,0.646703,0.378782,0.636784,0.572546,0.615422,0.513108,0.606044,0.470858,0.598705,0.431006,1572669374211
0.718518,0.734933,0.790138,0.694822,0.832805,0.640386,0.864241,0.591219,0.899255,0.542948,0.774238,0.543125,0.781174,0.469652,0.785147,0.418820,0.785758,0.380453,0.727058,0.544975,0.718474,0.469339,0.713879,0.412599,0.710737,0.365365,0.679183,0.560220,0.663486,0.493694,0.653446,0.438515,0.643522,0.392699,0.635143,0.582992,0.614699,0.527004,0.605222,0.485394,0.597609,0.446710,1572669374326
0.711532,0.748478,0.782142,0.708008,0.824866,0.656825,0.855314,0.607730,0.893385,0.557472,0.768002,0.558648,0.773780,0.482943,0.777089,0.432709,0.777213,0.395674,0.719622,0.561768,0.709804,0.483625,0.705669,0.427251,0.702950,0.378876,0.671346,0.577901,0.655321,0.507549,0.647207,0.452796,0.639233,0.407039,0.626475,0.600802,0.605945,0.540785,0.596671,0.498892,0.589165,0.459173,1572669374442
0.704625,0.762286,0.774217,0.720149,0.818474,0.667639,0.849868,0.618471,0.888038,0.568348,0.760780,0.570066,0.766229,0.495944,0.769347,0.445900,0.769464,0.408679,0.712447,0.572998,0.702298,0.495603,0.698030,0.439605,0.695288,0.391517,0.664557,0.589470,0.647834,0.519338,0.639327,0.464877,0.631386,0.419348,0.619976,0.612700,0.599757,0.553791,0.590283,0.512072,0.582599,0.472232,1572669374558
0.701689,0.773149,0.771572,0.730756,0.815174,0.677091,0.847452,0.628662,0.885987,0.577604,0.756360,0.579908,0.762009,0.506883,0.765799,0.456426,0.766125,0.418635,0.708672,0.582394,0.698670,0.506086,0.694213,0.450923,0.690889,0.403496,0.661076,0.598270,0.644005,0.529998,0.635332,0.475385,0.626562,0.429299,0.617436,0.621272,0.597216,0.563965,0.587599,0.522290,0.579287,0.482227,1572669374677
0.694426,0.785517,0.763365,0.744997,0.807097,0.693627,0.839010,0.645213,0.876992,0.593196,0.750199,0.596141,0.754501,0.521425,0.758329,0.470127,0.759279,0.430711,0.702000,0.599244,0.691591,0.521195,0.687793,0.464694,0.685479,0.416337,0.654020,0.616305,0.635954,0.544810,0.628498,0.490530,0.621560,0.445974,0.610201,0.640222,0.589125,0.579335,0.579361,0.537922,0.571438,0.498775,1572669374797
0.687544,0.796609,0.754828,0.756894,0.798708,0.703660,0.830409,0.653691,0.867596,0.603248,0.741085,0.606740,0.746209,0.532549,0.749493,0.481663,0.749485,0.442028,0.693276,0.609637,0.683596,0.531050,0.679643,0.474014,0.676806,0.425718,0.645593,0.627304,0.627499,0.554833,0.618703,0.500364,0.610429,0.455698,0.602268,0.651935,0.581227,0.590438,0.570701,0.548732,0.561852,0.509185,1572669374971
0.676631,0.805520,0.744979,0.765432,0.787795,0.713801,0.820312,0.664498,0.858031,0.615653,0.731283,0.618662,0.735846,0.545134,0.740361,0.493802,0.740965,0.452786,0.683684,0.621516,0.673861,0.543327,0.670323,0.487040,0.666624,0.438048,0.636258,0.639101,0.617049,0.566710,0.609652,0.512763,0.601861,0.467962,0.592388,0.662744,0.571366,0.601914,0.562114,0.560173,0.553547,0.519680,1572669375141
0.667720,0.816372,0.735327,0.777336,0.777917,0.725047,0.808581,0.675181,0.846246,0.625832,0.722594,0.628323,0.729185,0.553689,0.733550,0.503126,0.733965,0.463521,0.675030,0.631355,0.666159,0.552107,0.662914,0.495327,0.660147,0.446741,0.627354,0.648754,0.609439,0.575939,0.601692,0.521762,0.593644,0.477378,0.583796,0.672036,0.561857,0.610957,0.551842,0.569405,0.542992,0.529891,1572669375259
0.658089,0.823768,0.729444,0.779666,0.770810,0.728300,0.801681,0.679890,0.841519,0.629522,0.715071,0.634608,0.721241,0.560151,0.726171,0.509584,0.726501,0.469653,0.667542,0.638596,0.659134,0.559392,0.655560,0.505082,0.651058,0.457377,0.620782,0.654096,0.602842,0.583096,0.594881,0.529581,0.585316,0.484674,0.577611,0.674462,0.555896,0.615542,0.546991,0.574054,0.538442,0.534303,1572669375385
0.646284,0.841007,0.716161,0.798633,0.757921,0.749098,0.787704,0.700408,0.825827,0.649500,0.704343,0.652836,0.710499,0.575205,0.713793,0.524135,0.711774,0.485844,0.656326,0.654181,0.646889,0.573309,0.644202,0.515349,0.639421,0.467621,0.608557,0.668782,0.591535,0.594440,0.583873,0.538693,0.574126,0.495657,0.564542,0.689603,0.542957,0.627481,0.533532,0.585362,0.523619,0.547844,1572669375503
0.637782,0.846564,0.707547,0.802924,0.748026,0.750403,0.778128,0.699988,0.816396,0.647541,0.694423,0.655666,0.700698,0.581547,0.705254,0.530940,0.705817,0.491744,0.647665,0.658279,0.640072,0.580058,0.635740,0.525195,0.631274,0.478214,0.600530,0.673600,0.583988,0.603574,0.576118,0.549794,0.567466,0.506140,0.556717,0.694041,0.535189,0.634985,0.526573,0.593328,0.519642,0.554918,1572669375617
0.623335,0.854047,0.693272,0.810647,0.735409,0.761377,0.766259,0.713900,0.805436,0.662251,0.680495,0.668529,0.686182,0.590813,0.688990,0.539797,0.687927,0.500724,0.634027,0.670769,0.624892,0.589614,0.621308,0.531883,0.616848,0.483063,0.586699,0.685973,0.568899,0.610263,0.560547,0.554855,0.551613,0.511879,0.543285,0.706694,0.521574,0.643332,0.511638,0.601103,0.501805,0.563051,1572669375732
0.613865,0.859885,0.685024,0.816598,0.724942,0.766444,0.755013,0.716930,0.793908,0.664850,0.669993,0.673182,0.676788,0.595791,0.679399,0.544902,0.678706,0.506061,0.622676,0.675653,0.615647,0.593517,0.611915,0.536121,0.608340,0.487425,0.574847,0.691852,0.557608,0.618261,0.549393,0.562688,0.541705,0.517635,0.530609,0.713557,0.508639,0.651708,0.498866,0.609321,0.491487,0.570204,1572669375846
0.603548,0.865788,0.675050,0.821402,0.714841,0.769613,0.744165,0.720154,0.784197,0.669344,0.660135,0.677634,0.666914,0.601824,0.670679,0.551040,0.670349,0.511418,0.612830,0.680410,0.605609,0.599970,0.601998,0.544294,0.597933,0.496421,0.565539,0.696134,0.548815,0.624241,0.541305,0.569864,0.533262,0.525687,0.521614,0.716968,0.499964,0.656845,0.490867,0.614843,0.483216,0.575952,1572669375962
0.589031,0.872660,0.659733,0.828873,0.701502,0.779180,0.732087,0.731815,0.771440,0.680716,0.646185,0.686709,0.651424,0.608863,0.654959,0.557809,0.654975,0.518940,0.599836,0.689315,0.589857,0.607724,0.586367,0.549937,0.582407,0.500974,0.552530,0.704794,0.534223,0.628904,0.525928,0.573067,0.517367,0.529661,0.509101,0.725581,0.487027,0.662029,0.476976,0.619490,0.467153,0.581367,1572669376081
0.576812,0.878605,0.646603,0.834880,0.686739,0.785828,0.717655,0.738342,0.757846,0.686256,0.632624,0.692261,0.639370,0.614739,0.642479,0.564069,0.641823,0.524877,0.586855,0.695172,0.578087,0.612666,0.574460,0.555820,0.570526,0.507156,0.539639,0.711063,0.521168,0.635374,0.512645,0.580140,0.504508,0.536357,0.495867,0.732016,0.473657,0.668513,0.463836,0.626452,0.455473,0.588549,1572669376195
0.563798,0.881860,0.633348,0.838063,0.673640,0.788507,0.704095,0.740340,0.744154,0.688356,0.619998,0.697343,0.626788,0.617741,0.630017,0.566527,0.629769,0.527418,0.574401,0.699860,0.566195,0.615812,0.562450,0.559063,0.558818,0.510882,0.527094,0.715276,0.509013,0.638678,0.501177,0.583802,0.493927,0.540655,0.483138,0.736106,0.460472,0.671486,0.451086,0.629838,0.443494,0.592380,1572669376324
0.551564,0.883587,0.620512,0.841293,0.660914,0.791835,0.691183,0.743859,0.731841,0.692926,0.607294,0.700967,0.613896,0.621139,0.617812,0.569784,0.617889,0.530474,0.562201,0.703408,0.553360,0.619588,0.549545,0.562542,0.545780,0.514058,0.514851,0.718890,0.496383,0.642913,0.488805,0.587744,0.481467,0.544352,0.470719,0.739625,0.448121,0.675053,0.438818,0.633426,0.430982,0.596344,1572669376442
0.539589,0.887142,0.609073,0.843559,0.648593,0.793784,0.678521,0.746149,0.719071,0.695494,0.594810,0.703105,0.600946,0.623797,0.604599,0.572529,0.604445,0.533386,0.549720,0.705758,0.540483,0.622491,0.536417,0.565477,0.532064,0.517082,0.502623,0.721440,0.483686,0.645864,0.476103,0.590629,0.468548,0.547268,0.458801,0.742489,0.436212,0.678496,0.426940,0.636214,0.418966,0.598469,1572669376560
0.523621,0.892308,0.594041,0.847122,0.635613,0.794904,0.665942,0.746377,0.703307,0.693420,0.577893,0.705530,0.582452,0.623731,0.585964,0.571408,0.586328,0.532443,0.532702,0.709159,0.521905,0.625041,0.518199,0.566730,0.513981,0.517676,0.486355,0.724976,0.464087,0.648936,0.456494,0.592236,0.447901,0.547637,0.444417,0.746198,0.418669,0.682031,0.408519,0.639531,0.398694,0.601013,1572669376680
0.509817,0.892946,0.580481,0.846722,0.621311,0.794498,0.652242,0.745558,0.689277,0.693687,0.565485,0.708578,0.572323,0.629386,0.575841,0.577226,0.576231,0.537293,0.520106,0.710796,0.512906,0.627255,0.508958,0.570862,0.505160,0.522415,0.473233,0.725876,0.455108,0.651741,0.448678,0.597852,0.441996,0.554359,0.429625,0.746409,0.405623,0.685472,0.396925,0.643791,0.390030,0.604067,1572669376796
0.496312,0.896909,0.566987,0.848779,0.608629,0.794847,0.639120,0.746261,0.674654,0.691869,0.551289,0.707351,0.558047,0.625744,0.560403,0.573106,0.559214,0.532936,0.505775,0.710843,0.496592,0.625882,0.490975,0.567856,0.485141,0.518442,0.459224,0.726653,0.437562,0.649190,0.429753,0.592994,0.421627,0.548649,0.417411,0.748731,0.391141,0.685086,0.380122,0.642405,0.370302,0.602536,1572669376912
0.479822,0.896077,0.552894,0.845774,0.594707,0.790431,0.626241,0.740587,0.660014,0.686938,0.535708,0.706246,0.543365,0.627246,0.546577,0.575303,0.545112,0.534814,0.490713,0.708851,0.484150,0.624791,0.480710,0.568343,0.476650,0.519336,0.445020,0.724743,0.426547,0.650149,0.419753,0.596288,0.413102,0.552531,0.402798,0.746647,0.378358,0.686575,0.370133,0.644867,0.364006,0.605405,1572669377030
0.470888,0.899029,0.540646,0.848096,0.581870,0.793257,0.613221,0.742247,0.648289,0.686849,0.525367,0.710441,0.533382,0.628699,0.536010,0.576088,0.534750,0.534364,0.480070,0.710771,0.473541,0.625449,0.468387,0.567698,0.462894,0.517714,0.434005,0.725536,0.416100,0.648679,0.409145,0.592603,0.402429,0.546852,0.391536,0.748441,0.366724,0.685954,0.356911,0.642773,0.349082,0.601809,1572669377146
0.453608,0.898678,0.522602,0.846013,0.565892,0.791778,0.597395,0.741586,0.630009,0.685897,0.510560,0.708284,0.517134,0.626592,0.519272,0.573007,0.518057,0.530866,0.465123,0.709552,0.458216,0.623752,0.453496,0.565134,0.447902,0.515093,0.418603,0.724446,0.400274,0.646812,0.393356,0.590510,0.387501,0.544759,0.375704,0.746769,0.350866,0.683754,0.340961,0.640454,0.334122,0.599091,1572669377261
0.437656,0.894770,0.508476,0.843359,0.551489,0.789392,0.585581,0.738930,0.621967,0.684529,0.495484,0.705166,0.502807,0.624433,0.507185,0.571605,0.507441,0.530714,0.450560,0.706480,0.444209,0.620725,0.441214,0.562366,0.438093,0.512115,0.405099,0.721898,0.388170,0.645993,0.380822,0.590297,0.374557,0.544556,0.362002,0.744116,0.337630,0.682811,0.328557,0.640110,0.322679,0.599451,1572669377378
0.429465,0.891410,0.497843,0.838278,0.540243,0.784781,0.572628,0.734771,0.606620,0.676626,0.485565,0.701098,0.492503,0.618445,0.494475,0.565013,0.492784,0.523072,0.440108,0.702456,0.432880,0.616887,0.427014,0.557853,0.420655,0.507641,0.393295,0.716756,0.374824,0.639226,0.366246,0.583270,0.358927,0.538156,0.350689,0.738083,0.326256,0.674164,0.315791,0.630875,0.308739,0.590437,1572669377493
0.414027,0.886236,0.483930,0.833711,0.526494,0.780506,0.559358,0.730858,0.591587,0.673303,0.471822,0.695472,0.478459,0.614563,0.480277,0.561854,0.478061,0.520808,0.425437,0.696732,0.420082,0.611961,0.415223,0.554283,0.410028,0.504730,0.378773,0.711168,0.362640,0.634745,0.354364,0.579949,0.347192,0.536120,0.335777,0.732125,0.311600,0.669171,0.301698,0.627202,0.294698,0.588306,1572669377610
0.403237,0.874474,0.473013,0.827603,0.515307,0.777081,0.547826,0.728410,0.584419,0.671452,0.459136,0.686301,0.465114,0.607491,0.469012,0.556255,0.469303,0.516319,0.412607,0.689552,0.407102,0.604903,0.402692,0.548369,0.398350,0.499954,0.366082,0.704895,0.350458,0.630025,0.342912,0.574895,0.336328,0.531200,0.322971,0.724675,0.299063,0.663000,0.289693,0.621471,0.282760,0.583013,1572669377727
0.389021,0.867067,0.462822,0.815977,0.502890,0.767191,0.533186,0.721293,0.568589,0.665682,0.445793,0.679439,0.452662,0.601139,0.455973,0.549609,0.456070,0.509179,0.399091,0.682659,0.392018,0.598743,0.387218,0.542103,0.382204,0.492789,0.353059,0.697905,0.336859,0.622209,0.329866,0.566457,0.323706,0.522614,0.310702,0.718545,0.287584,0.656575,0.277075,0.614457,0.268291,0.577165,1572669377840
0.380791,0.858894,0.454219,0.813156,0.494129,0.761852,0.524270,0.714661,0.561322,0.660104,0.435223,0.671632,0.442912,0.595245,0.448016,0.544261,0.450225,0.504513,0.388600,0.675670,0.382331,0.593002,0.377785,0.536575,0.373919,0.486348,0.342452,0.691295,0.327168,0.619033,0.318831,0.562554,0.311604,0.516604,0.299881,0.710905,0.276635,0.652773,0.266535,0.610074,0.258855,0.570949,1572669377956
0.364986,0.854945,0.439726,0.806634,0.479785,0.756797,0.509338,0.709979,0.545660,0.655682,0.422100,0.667549,0.428394,0.589731,0.431377,0.538856,0.431850,0.499015,0.375579,0.670324,0.368401,0.587073,0.363910,0.530090,0.359209,0.480593,0.329447,0.685479,0.312437,0.609573,0.305357,0.553165,0.298731,0.508723,0.287289,0.706223,0.262546,0.644391,0.251144,0.601903,0.241073,0.563502,1572669378074
0.355860,0.845198,0.430042,0.799691,0.470983,0.748195,0.501720,0.700052,0.538393,0.644522,0.411660,0.656554,0.418769,0.580551,0.423556,0.530244,0.425117,0.489870,0.364104,0.660541,0.358303,0.577641,0.353958,0.521394,0.349513,0.471160,0.317628,0.676186,0.302976,0.604043,0.295463,0.547962,0.288706,0.501524,0.274841,0.695903,0.251464,0.637860,0.241644,0.595404,0.233496,0.555392,1572669378205
0.348225,0.837524,0.421105,0.791512,0.461235,0.739828,0.491337,0.691908,0.528010,0.637260,0.402492,0.650131,0.410249,0.573772,0.415118,0.523081,0.416515,0.483143,0.355899,0.653332,0.350032,0.571141,0.345386,0.515241,0.340910,0.465498,0.309849,0.668637,0.294954,0.596907,0.287199,0.540915,0.279638,0.494938,0.267449,0.688929,0.245190,0.631450,0.235247,0.589090,0.227311,0.549937,1572669378325
0.335152,0.825380,0.409847,0.777800,0.449100,0.727906,0.478605,0.680639,0.515112,0.625284,0.391928,0.638621,0.399357,0.561664,0.403273,0.511518,0.403288,0.470081,0.343824,0.641565,0.339563,0.557410,0.336286,0.502268,0.332101,0.452603,0.297335,0.656592,0.283086,0.582975,0.275966,0.528618,0.269363,0.483700,0.254772,0.676875,0.232968,0.617744,0.222726,0.576558,0.213377,0.537518,1572669378442
0.330001,0.817780,0.402895,0.773743,0.442886,0.721014,0.472654,0.672840,0.508601,0.617146,0.383590,0.629494,0.391783,0.553385,0.396389,0.502734,0.396982,0.462955,0.336771,0.633417,0.330848,0.552030,0.326116,0.496555,0.320750,0.446884,0.290468,0.649069,0.275101,0.578670,0.266197,0.523010,0.256993,0.477472,0.248066,0.669153,0.225885,0.612859,0.215901,0.570848,0.207810,0.532600,1572669378557
0.315447,0.804647,0.389721,0.758371,0.429159,0.708799,0.458678,0.661207,0.495980,0.606540,0.372239,0.618854,0.380003,0.541469,0.384301,0.491068,0.384767,0.449325,0.324134,0.622080,0.319673,0.537337,0.316576,0.482245,0.312736,0.432766,0.277721,0.637470,0.263431,0.563296,0.256377,0.509378,0.249761,0.465039,0.235076,0.657862,0.212969,0.597890,0.202737,0.556975,0.193361,0.518133,1572669378673
0.314078,0.796960,0.386716,0.750616,0.426882,0.697167,0.457102,0.650022,0.494069,0.595065,0.366643,0.605878,0.374976,0.530938,0.380390,0.481146,0.381563,0.440737,0.319818,0.609237,0.314290,0.529662,0.311043,0.475539,0.306237,0.425658,0.273315,0.624496,0.259244,0.554770,0.251473,0.500214,0.242764,0.454793,0.230317,0.645015,0.208415,0.589217,0.198519,0.548500,0.190060,0.511113,1572669378790
0.301729,0.784873,0.375651,0.737620,0.415416,0.686977,0.445575,0.640249,0.483608,0.585305,0.358664,0.596659,0.365475,0.520490,0.370176,0.469964,0.370503,0.428536,0.310284,0.600415,0.305780,0.517151,0.303368,0.462610,0.299607,0.412017,0.263661,0.615416,0.250031,0.542162,0.244363,0.488132,0.237862,0.442690,0.220365,0.635016,0.198728,0.577182,0.189231,0.535441,0.179542,0.495112,1572669378904
0.292842,0.774545,0.367095,0.727344,0.407266,0.675802,0.436882,0.628402,0.473714,0.572922,0.349128,0.583227,0.356290,0.507442,0.360900,0.456838,0.361230,0.416003,0.301142,0.587261,0.296509,0.503925,0.293269,0.448563,0.288745,0.397613,0.254687,0.602537,0.241008,0.529880,0.233912,0.474818,0.226449,0.429161,0.211526,0.622003,0.190358,0.564634,0.181273,0.522160,0.172885,0.482467,1572669379021
0.290543,0.762011,0.363240,0.714841,0.404920,0.662983,0.435949,0.616268,0.472125,0.560956,0.345542,0.571836,0.354058,0.496131,0.359999,0.446504,0.361134,0.405590,0.298136,0.575006,0.293216,0.493844,0.289848,0.439836,0.285071,0.389918,0.251925,0.589844,0.238508,0.518584,0.230276,0.464683,0.221624,0.419707,0.209094,0.610187,0.187444,0.553188,0.177362,0.512545,0.168763,0.475192,1572669379137
0.283335,0.749840,0.356832,0.701138,0.396456,0.649651,0.425825,0.602176,0.462293,0.547893,0.339562,0.559309,0.345873,0.483868,0.349868,0.433237,0.349699,0.392668,0.290728,0.562885,0.285779,0.480094,0.282327,0.425422,0.277703,0.374927,0.243837,0.577919,0.230224,0.505022,0.223107,0.450696,0.216188,0.405964,0.200186,0.597426,0.178352,0.540074,0.168789,0.498080,0.160215,0.458986,1572669379250
0.278042,0.739796,0.352213,0.691948,0.393520,0.638289,0.424102,0.589871,0.460377,0.535662,0.334506,0.547244,0.343445,0.471658,0.349003,0.421774,0.349460,0.381175,0.285932,0.549471,0.280941,0.467750,0.277535,0.413834,0.272737,0.364674,0.239640,0.563942,0.226588,0.491505,0.218241,0.436896,0.210035,0.392316,0.196849,0.583702,0.175065,0.526126,0.164887,0.485140,0.156440,0.447508,1572669379366
0.278229,0.726785,0.351399,0.679819,0.393110,0.626384,0.422871,0.576949,0.459219,0.523190,0.333955,0.533591,0.342860,0.457976,0.349363,0.408180,0.351147,0.367750,0.284648,0.535906,0.279736,0.453920,0.276176,0.400398,0.271299,0.352538,0.238124,0.550876,0.225329,0.478814,0.215585,0.425030,0.206585,0.380048,0.195094,0.572175,0.174015,0.514416,0.163992,0.473990,0.155758,0.436432,1572669379494
0.271588,0.711054,0.344468,0.664858,0.386526,0.611719,0.416613,0.562888,0.452909,0.509453,0.329760,0.518842,0.337572,0.442725,0.341652,0.392545,0.341058,0.352607,0.280230,0.522200,0.275244,0.438607,0.271800,0.384580,0.267940,0.335252,0.233240,0.537391,0.220495,0.463178,0.213005,0.408426,0.206553,0.363672,0.189511,0.557693,0.169096,0.499445,0.160014,0.458181,0.152424,0.420299,1572669379617
0.272050,0.700714,0.343835,0.653272,0.384738,0.599095,0.414654,0.550544,0.451126,0.497562,0.327048,0.506700,0.336379,0.430869,0.343261,0.380645,0.345381,0.340651,0.278964,0.508709,0.273160,0.427152,0.269613,0.373227,0.264792,0.325687,0.232908,0.523743,0.220020,0.451917,0.210950,0.397608,0.202405,0.352476,0.190454,0.545593,0.169380,0.487993,0.158853,0.447713,0.150694,0.409870,1572669379733
0.269189,0.686954,0.343093,0.639957,0.384588,0.585215,0.412409,0.534781,0.447744,0.482406,0.327295,0.490302,0.335740,0.415497,0.340485,0.366271,0.341378,0.326326,0.277260,0.492433,0.272545,0.410181,0.269471,0.356139,0.266595,0.307415,0.230348,0.507975,0.218070,0.435724,0.208915,0.381844,0.201577,0.335978,0.185829,0.530415,0.165905,0.472808,0.157197,0.432494,0.151114,0.394772,1572669379847
0.266208,0.674243,0.339312,0.625458,0.380842,0.572671,0.411092,0.523883,0.446977,0.469973,0.323452,0.479217,0.332697,0.403994,0.337639,0.353681,0.337924,0.313280,0.274554,0.481630,0.269575,0.399998,0.265237,0.346075,0.260220,0.297676,0.228014,0.497117,0.215460,0.425149,0.206305,0.371126,0.197784,0.326535,0.184819,0.519010,0.163514,0.461667,0.153237,0.420372,0.145443,0.381677,1572669379962
0.267888,0.663186,0.340392,0.616240,0.381736,0.560601,0.410741,0.509937,0.445994,0.456175,0.324106,0.466550,0.332522,0.390206,0.338085,0.340049,0.340224,0.299860,0.275239,0.468446,0.270247,0.386396,0.266754,0.332140,0.263262,0.285224,0.228705,0.483519,0.215002,0.411328,0.204940,0.357129,0.197234,0.312001,0.185438,0.505760,0.164993,0.447690,0.154387,0.407694,0.147070,0.370097,1572669380079
0.267708,0.648793,0.340920,0.601795,0.383223,0.547199,0.410914,0.496576,0.445862,0.443400,0.325978,0.453392,0.335006,0.377180,0.339142,0.326405,0.340321,0.284504,0.276617,0.455521,0.271952,0.371758,0.267823,0.317715,0.264652,0.269285,0.230023,0.470975,0.215945,0.397906,0.205387,0.343256,0.198285,0.296509,0.186533,0.493280,0.166582,0.434504,0.156412,0.393748,0.149915,0.355227,1572669380196
0.270624,0.634727,0.343270,0.586607,0.385017,0.532412,0.413589,0.481332,0.447522,0.428036,0.327336,0.440104,0.336612,0.363081,0.341649,0.312149,0.343547,0.270745,0.278723,0.441814,0.273673,0.358113,0.269770,0.304237,0.266824,0.256198,0.232037,0.457195,0.218542,0.383813,0.208614,0.329874,0.201555,0.283835,0.188391,0.479856,0.168636,0.420092,0.158022,0.379831,0.150846,0.341744,1572669380311
0.270343,0.620172,0.343841,0.572594,0.385828,0.517952,0.413882,0.467819,0.448910,0.414413,0.328337,0.425114,0.337694,0.348776,0.341991,0.297997,0.342902,0.256262,0.279464,0.427646,0.274558,0.343637,0.270131,0.289692,0.266311,0.241274,0.232852,0.443195,0.218677,0.369213,0.208333,0.314991,0.201174,0.269069,0.189167,0.465240,0.169341,0.405388,0.159528,0.365099,0.153199,0.327670,1572669380436
0.276568,0.607920,0.348085,0.559569,0.388336,0.504890,0.417786,0.454094,0.452122,0.401433,0.328974,0.416047,0.338265,0.337148,0.343743,0.285080,0.346095,0.243844,0.281231,0.418103,0.276037,0.333036,0.272098,0.277243,0.268971,0.228110,0.235207,0.432822,0.221752,0.358807,0.212156,0.303636,0.205589,0.257177,0.192898,0.453896,0.173428,0.394797,0.162462,0.353609,0.155653,0.315532,1572669380553
0.277637,0.596269,0.348755,0.549402,0.389865,0.494160,0.419495,0.441462,0.458162,0.388141,0.332150,0.403868,0.340513,0.325896,0.345194,0.273144,0.346758,0.230337,0.283465,0.405946,0.278697,0.321370,0.275068,0.265735,0.272358,0.215087,0.237025,0.420322,0.222827,0.347104,0.212691,0.292845,0.205794,0.246221,0.193738,0.440616,0.174190,0.381392,0.163797,0.341072,0.158013,0.303329,1572669380665
0.283258,0.582013,0.353722,0.535014,0.395317,0.479344,0.424135,0.427438,0.460488,0.373443,0.337271,0.389885,0.345758,0.312757,0.349641,0.259506,0.350756,0.216514,0.289726,0.392485,0.285602,0.308217,0.281321,0.252340,0.278267,0.201478,0.243958,0.406742,0.230338,0.332774,0.220410,0.278213,0.214278,0.231719,0.200514,0.426787,0.181720,0.366956,0.171612,0.325915,0.165894,0.287616,1572669380778
0.288839,0.569755,0.360289,0.521494,0.401659,0.465736,0.431889,0.413366,0.468481,0.359740,0.341271,0.378947,0.349273,0.300917,0.353877,0.247821,0.355346,0.205066,0.293633,0.381435,0.289500,0.296381,0.286068,0.240038,0.283106,0.190067,0.247774,0.395337,0.233852,0.319839,0.224420,0.264522,0.218147,0.218254,0.205441,0.414605,0.186193,0.353478,0.175640,0.312655,0.169516,0.274956,1572669380893
0.296486,0.553681,0.366631,0.506470,0.408456,0.452652,0.438139,0.401061,0.475478,0.347686,0.348067,0.362401,0.355901,0.286638,0.360272,0.233571,0.362221,0.190528,0.301250,0.365651,0.296849,0.281239,0.292592,0.225126,0.290195,0.173734,0.256747,0.379728,0.243207,0.305155,0.232943,0.250702,0.227043,0.204456,0.214359,0.399327,0.194810,0.339168,0.184920,0.297733,0.179343,0.260021,1572669381011
0.301941,0.542106,0.374043,0.496670,0.413272,0.442224,0.442406,0.390814,0.480413,0.337935,0.354417,0.353883,0.362800,0.276082,0.367616,0.224179,0.369754,0.182097,0.307014,0.355746,0.301506,0.270753,0.297963,0.214877,0.295300,0.164415,0.261154,0.369921,0.246411,0.295334,0.236503,0.240921,0.229206,0.195037,0.218838,0.389270,0.198565,0.329462,0.187812,0.288454,0.181132,0.251044,1572669381125
0.312316,0.531550,0.383724,0.484893,0.424186,0.432018,0.454144,0.380871,0.492363,0.327578,0.361957,0.339440,0.369351,0.263670,0.374781,0.212249,0.376704,0.170718,0.315352,0.341415,0.311274,0.258697,0.307777,0.204204,0.304694,0.155057,0.271318,0.355417,0.257839,0.282817,0.247994,0.229628,0.240531,0.184116,0.229628,0.376327,0.208574,0.317128,0.198012,0.275977,0.190986,0.238299,1572669381241
0.323389,0.518348,0.393877,0.471804,0.433822,0.418976,0.464014,0.367498,0.501734,0.313981,0.370959,0.328323,0.376532,0.252162,0.380738,0.199694,0.382160,0.157195,0.324331,0.331498,0.318649,0.247881,0.314099,0.192494,0.310998,0.142274,0.279603,0.345343,0.266355,0.272171,0.256090,0.218229,0.249417,0.172314,0.237182,0.364642,0.217470,0.305525,0.206481,0.264423,0.199716,0.226815,1572669381358
0.331192,0.509402,0.401812,0.464332,0.440399,0.411503,0.470351,0.359937,0.508311,0.305954,0.380243,0.319941,0.385900,0.242048,0.389603,0.190210,0.390319,0.148799,0.334183,0.323329,0.328325,0.238788,0.323612,0.184185,0.319809,0.134586,0.289717,0.337884,0.275677,0.263899,0.265470,0.209903,0.257892,0.164644,0.247810,0.357685,0.226380,0.298308,0.215276,0.257026,0.208163,0.219588,1572669381472
0.340934,0.497043,0.410228,0.450430,0.450163,0.397223,0.480163,0.346180,0.519074,0.291581,0.388927,0.305499,0.394286,0.229537,0.398698,0.178075,0.399510,0.137344,0.342544,0.308196,0.337632,0.224920,0.333278,0.170343,0.329767,0.120942,0.298110,0.322592,0.285098,0.249287,0.274914,0.196432,0.267875,0.151811,0.255446,0.342811,0.235265,0.283778,0.224650,0.243615,0.218145,0.206853,1572669381588
0.352973,0.490237,0.423788,0.445806,0.461641,0.393663,0.490866,0.343155,0.528920,0.290507,0.399851,0.301674,0.406635,0.224771,0.411150,0.171947,0.412669,0.129315,0.354830,0.303577,0.348629,0.221406,0.344033,0.166073,0.339845,0.115508,0.310349,0.317591,0.296307,0.245618,0.286623,0.191341,0.278267,0.144750,0.267989,0.338005,0.246132,0.279856,0.235116,0.238109,0.227227,0.199437,1572669381701
0.360271,0.483751,0.430070,0.438472,0.468232,0.385786,0.497697,0.333995,0.535091,0.281239,0.407620,0.296612,0.414744,0.218113,0.418722,0.166162,0.419455,0.124029,0.361875,0.298519,0.357424,0.215810,0.353152,0.160554,0.348599,0.110422,0.317002,0.312384,0.303886,0.241299,0.294265,0.186997,0.286221,0.140640,0.274814,0.332080,0.253794,0.273756,0.243409,0.232069,0.236964,0.194130,1572669381818
0.371278,0.472065,0.443318,0.427318,0.483650,0.373835,0.512505,0.323493,0.551000,0.269596,0.421573,0.280944,0.429966,0.206488,0.436000,0.154844,0.438339,0.113387,0.375720,0.282774,0.370945,0.199432,0.366476,0.145240,0.362131,0.095623,0.331248,0.296798,0.316360,0.223683,0.304553,0.170770,0.295974,0.124791,0.288417,0.318218,0.265322,0.258431,0.254791,0.217674,0.247920,0.180445,1572669381932
0.384318,0.467020,0.451549,0.424691,0.490379,0.371310,0.519656,0.320606,0.560110,0.267859,0.431188,0.276083,0.439077,0.201931,0.442339,0.150629,0.442987,0.108492,0.386021,0.277430,0.381183,0.198035,0.376631,0.143357,0.372443,0.093578,0.341803,0.290547,0.328966,0.221963,0.319968,0.168232,0.312510,0.120662,0.299609,0.312200,0.278561,0.256016,0.269106,0.214626,0.262946,0.176583,1572669382048
0.398673,0.459553,0.466679,0.415184,0.506722,0.361618,0.535962,0.311686,0.573478,0.259048,0.445058,0.270383,0.453924,0.195265,0.458290,0.142379,0.459842,0.099603,0.400192,0.273261,0.394146,0.191581,0.388543,0.136686,0.383246,0.086956,0.355762,0.287123,0.340707,0.214561,0.329073,0.160786,0.320305,0.114631,0.313343,0.307858,0.290592,0.247613,0.279720,0.206746,0.272352,0.169768,1572669382163
0.409207,0.452678,0.477265,0.407692,0.517148,0.354301,0.546686,0.304069,0.585365,0.250789,0.455879,0.262690,0.464566,0.188115,0.469733,0.135228,0.472268,0.092564,0.411112,0.265569,0.405275,0.184291,0.399951,0.129627,0.395162,0.080741,0.366511,0.279339,0.351741,0.207223,0.340341,0.153740,0.331934,0.108537,0.324048,0.299709,0.301608,0.240108,0.291138,0.199491,0.284404,0.163085,1572669382279
0.422462,0.448231,0.490110,0.406613,0.530243,0.353367,0.558845,0.304592,0.596788,0.251888,0.470237,0.259481,0.478229,0.185591,0.483003,0.132847,0.484900,0.090422,0.425694,0.261468,0.419516,0.180118,0.414182,0.124540,0.408827,0.075333,0.380796,0.274250,0.366425,0.203140,0.356035,0.149031,0.347366,0.102702,0.338013,0.295111,0.315155,0.237640,0.304570,0.196982,0.296227,0.160225,1572669382396
0.435269,0.445968,0.503465,0.403498,0.543055,0.348241,0.570918,0.299517,0.608340,0.247125,0.484632,0.257091,0.492824,0.183212,0.497574,0.130422,0.499782,0.088015,0.439230,0.258430,0.433385,0.177690,0.427859,0.121747,0.423202,0.072488,0.394084,0.270485,0.379737,0.199208,0.368659,0.144668,0.360463,0.098416,0.351458,0.290816,0.328319,0.232726,0.317344,0.191971,0.308476,0.155814,1572669382511
0.446950,0.441870,0.514985,0.398836,0.556083,0.343801,0.584528,0.293551,0.622845,0.239296,0.495280,0.252484,0.504654,0.178876,0.509814,0.126104,0.512312,0.082456,0.450076,0.253880,0.444889,0.173115,0.439014,0.117651,0.433933,0.067931,0.405236,0.266228,0.390941,0.194501,0.379858,0.140441,0.371695,0.093947,0.362732,0.286806,0.339215,0.228493,0.327634,0.188100,0.318524,0.151227,1572669382628
0.460381,0.439368,0.531830,0.398273,0.572556,0.340456,0.599373,0.291075,0.635109,0.241790,0.512075,0.250354,0.522038,0.179112,0.526565,0.127851,0.527216,0.086362,0.466351,0.250505,0.463360,0.171785,0.459086,0.116509,0.453726,0.067249,0.420584,0.261996,0.407389,0.192324,0.396797,0.139188,0.387965,0.092254,0.377195,0.282086,0.354639,0.224592,0.344204,0.184550,0.335404,0.147193,1572669382745
0.472393,0.438677,0.541645,0.394526,0.581855,0.338238,0.610299,0.287913,0.647650,0.234685,0.521853,0.247412,0.530862,0.174164,0.535103,0.122269,0.536225,0.080003,0.476430,0.248680,0.472253,0.169512,0.466671,0.114155,0.461591,0.065328,0.430957,0.260601,0.417635,0.190218,0.407383,0.136203,0.400465,0.089971,0.388305,0.280234,0.366224,0.222765,0.355888,0.182665,0.348298,0.146353,1572669382860
0.486332,0.436536,0.554453,0.393872,0.594397,0.338525,0.622780,0.288264,0.660315,0.234622,0.535200,0.246315,0.544037,0.173614,0.548491,0.121737,0.550298,0.078518,0.489908,0.247654,0.484106,0.168862,0.477695,0.113483,0.472247,0.064298,0.444748,0.259746,0.430031,0.189565,0.418659,0.135546,0.410729,0.089519,0.402446,0.280080,0.379006,0.222447,0.367853,0.182388,0.359200,0.146726,1572669382978
0.499664,0.435105,0.571761,0.392631,0.611681,0.335443,0.638117,0.286394,0.672921,0.236537,0.551103,0.245141,0.559992,0.175442,0.564110,0.124586,0.564892,0.083406,0.505431,0.245878,0.501832,0.167140,0.496611,0.112293,0.490866,0.063957,0.459913,0.257521,0.446484,0.187688,0.435702,0.134795,0.427352,0.088886,0.416753,0.277481,0.394312,0.220159,0.384319,0.180231,0.376176,0.143591,1572669383094
0.513416,0.434534,0.582758,0.391932,0.623397,0.335902,0.651651,0.286851,0.689358,0.236302,0.563325,0.244508,0.571815,0.172796,0.577424,0.121299,0.580135,0.079232,0.517973,0.245913,0.512598,0.166698,0.507475,0.111260,0.502591,0.063173,0.472609,0.257638,0.459315,0.186894,0.448343,0.133603,0.440514,0.088167,0.429683,0.277295,0.406927,0.218887,0.396472,0.178907,0.388677,0.143086,1572669383211
0.526893,0.438707,0.597546,0.396677,0.637137,0.338941,0.665368,0.288943,0.702659,0.237413,0.578237,0.248379,0.585448,0.175886,0.589731,0.125133,0.591799,0.085599,0.532949,0.249669,0.527107,0.168362,0.521859,0.111879,0.517789,0.064394,0.486625,0.261144,0.473158,0.188818,0.462130,0.134260,0.455247,0.088540,0.442760,0.279923,0.420234,0.220956,0.410056,0.180425,0.403341,0.143773,1572669383325
0.541137,0.439946,0.610727,0.397218,0.650825,0.340825,0.678818,0.292037,0.716458,0.241813,0.591523,0.248488,0.598752,0.176407,0.603202,0.125321,0.605123,0.084185,0.546367,0.249859,0.540799,0.170287,0.535252,0.114461,0.529983,0.066887,0.500842,0.261600,0.487227,0.189774,0.476527,0.135520,0.468798,0.089789,0.457499,0.281474,0.434562,0.222148,0.423911,0.181422,0.416017,0.145072,1572669383443
0.549133,0.443309,0.619228,0.400132,0.659554,0.343846,0.688873,0.293852,0.725610,0.242211,0.600024,0.250125,0.606846,0.177131,0.609439,0.126371,0.609274,0.085392,0.554436,0.251336,0.548275,0.173329,0.542607,0.117701,0.537054,0.069679,0.508891,0.263910,0.493564,0.195647,0.484605,0.140745,0.477533,0.094666,0.466160,0.284706,0.444236,0.228572,0.435441,0.187099,0.429394,0.149316,1572669383562
0.565181,0.446177,0.636020,0.405192,0.675776,0.348155,0.703519,0.298139,0.739666,0.247484,0.617251,0.256148,0.624897,0.183086,0.629776,0.132114,0.631720,0.092864,0.572061,0.256572,0.566511,0.175846,0.560947,0.119097,0.555945,0.071926,0.525933,0.268267,0.512164,0.196432,0.500829,0.141299,0.492630,0.096040,0.482037,0.287810,0.459251,0.229018,0.448997,0.188018,0.441107,0.152067,1572669383680
0.575268,0.450404,0.643386,0.409941,0.683167,0.353185,0.712706,0.302897,0.751519,0.251601,0.625964,0.258731,0.632768,0.184397,0.636319,0.132459,0.636597,0.091042,0.580963,0.259797,0.575522,0.180374,0.570364,0.123679,0.566324,0.076852,0.534618,0.271919,0.520435,0.201358,0.510540,0.145801,0.503966,0.100716,0.491027,0.290727,0.469157,0.232315,0.460249,0.190872,0.454452,0.154004,1572669383796
0.595171,0.455713,0.670129,0.412672,0.707022,0.353563,0.732562,0.304579,0.768777,0.256218,0.646624,0.264019,0.655733,0.193318,0.661771,0.142306,0.664367,0.103725,0.601346,0.265690,0.596502,0.184722,0.593462,0.127861,0.589831,0.081679,0.555568,0.278428,0.540861,0.206993,0.530187,0.152458,0.521745,0.107026,0.512666,0.299663,0.489700,0.240382,0.480870,0.198792,0.473884,0.162320,1572669383911
0.603260,0.461801,0.673022,0.421493,0.711685,0.366413,0.741994,0.315942,0.780600,0.264007,0.655944,0.271227,0.661795,0.199086,0.665795,0.148122,0.667533,0.108171,0.610451,0.272961,0.603655,0.194897,0.597695,0.138644,0.593185,0.093075,0.564073,0.285704,0.549055,0.216930,0.540018,0.161135,0.533252,0.116369,0.520772,0.304793,0.498671,0.247087,0.491108,0.204773,0.486292,0.167015,1572669384029
0.609281,0.461987,0.679760,0.421917,0.718335,0.366652,0.748031,0.315974,0.787168,0.264813,0.660249,0.273531,0.669821,0.199440,0.673847,0.147954,0.675548,0.105980,0.614079,0.275845,0.607756,0.196569,0.602309,0.141306,0.596484,0.093629,0.568911,0.291205,0.553535,0.222030,0.543626,0.166940,0.535364,0.120526,0.527651,0.313781,0.507324,0.255387,0.497479,0.212917,0.490856,0.174542,1572669384148
0.623965,0.473698,0.694519,0.432633,0.732041,0.376010,0.762282,0.325060,0.801333,0.277043,0.674870,0.283627,0.682960,0.209998,0.687476,0.159500,0.689326,0.121252,0.628956,0.284609,0.623151,0.204970,0.619017,0.148179,0.616517,0.103710,0.582568,0.297878,0.567936,0.226855,0.559513,0.171059,0.553536,0.125924,0.539232,0.317937,0.517203,0.258655,0.509103,0.216399,0.504244,0.177990,1572669384263
0.634517,0.480150,0.705518,0.439010,0.743854,0.384257,0.774334,0.333547,0.813076,0.283277,0.685961,0.292008,0.692921,0.217285,0.696841,0.166228,0.697649,0.125205,0.640089,0.292782,0.634806,0.212777,0.629718,0.156599,0.625378,0.109176,0.594146,0.305134,0.579712,0.235502,0.570636,0.179728,0.563570,0.134293,0.551001,0.324100,0.529647,0.266317,0.521024,0.224431,0.515908,0.187189,1572669384376
0.643046,0.485836,0.715619,0.445466,0.753988,0.391656,0.783102,0.340961,0.820823,0.290454,0.697517,0.298041,0.705329,0.223558,0.710905,0.172573,0.713379,0.131683,0.650484,0.299018,0.644225,0.219710,0.639374,0.163937,0.635005,0.116745,0.604316,0.312418,0.589188,0.243988,0.580261,0.188880,0.572095,0.143268,0.561078,0.332557,0.540236,0.273678,0.532588,0.231771,0.527550,0.194392,1572669384491
0.654815,0.495388,0.726944,0.453939,0.763975,0.399068,0.794496,0.349040,0.832075,0.298849,0.708519,0.306184,0.715154,0.230530,0.721344,0.179208,0.724080,0.140571,0.661684,0.307954,0.655573,0.227138,0.650670,0.171183,0.646768,0.126243,0.615368,0.321541,0.599853,0.250733,0.591200,0.195410,0.583718,0.151382,0.572207,0.340704,0.551243,0.282048,0.542915,0.239983,0.537311,0.201668,1572669384610
0.661881,0.506484,0.735839,0.465885,0.773549,0.411597,0.802988,0.361440,0.839401,0.311518,0.718730,0.319771,0.726293,0.243647,0.732532,0.192330,0.734937,0.153487,0.671408,0.321097,0.664479,0.239678,0.660118,0.183374,0.656664,0.136761,0.624514,0.334638,0.608905,0.262817,0.600177,0.207913,0.591725,0.163764,0.580620,0.354404,0.559810,0.293818,0.551895,0.252001,0.545958,0.214986,1572669384726
0.672610,0.518947,0.746904,0.475545,0.783144,0.420241,0.812935,0.371572,0.849718,0.324229,0.727693,0.330199,0.733560,0.254350,0.740207,0.202884,0.743876,0.165645,0.680319,0.331692,0.673888,0.249846,0.669299,0.193762,0.666384,0.147622,0.633828,0.345083,0.618694,0.272780,0.609926,0.217166,0.602445,0.172464,0.590509,0.364540,0.569813,0.304690,0.561380,0.261977,0.555617,0.223141,1572669384840
0.680204,0.526173,0.752722,0.486257,0.791727,0.431460,0.821571,0.380814,0.858994,0.331381,0.734924,0.337705,0.742158,0.261962,0.748854,0.211035,0.752315,0.171689,0.687871,0.338189,0.681441,0.258323,0.677028,0.202532,0.673482,0.155299,0.641409,0.352173,0.626579,0.281898,0.617840,0.226794,0.608940,0.182002,0.597899,0.373274,0.578791,0.312939,0.570375,0.270829,0.564055,0.233729,1572669384958
0.686906,0.536784,0.761224,0.494950,0.801208,0.439457,0.832380,0.389054,0.868707,0.341211,0.742494,0.347058,0.750557,0.273067,0.756791,0.222828,0.758739,0.184280,0.694889,0.348781,0.688036,0.269668,0.684249,0.214517,0.680914,0.167799,0.648069,0.363443,0.632140,0.293987,0.623283,0.238860,0.614625,0.193427,0.604412,0.385385,0.584658,0.326970,0.576847,0.285563,0.570364,0.248270,1572669385074
0.695581,0.551247,0.767879,0.510078,0.808693,0.453744,0.840581,0.403642,0.876189,0.356446,0.751402,0.360719,0.758737,0.286865,0.764309,0.236912,0.765872,0.199147,0.703360,0.361916,0.695999,0.282280,0.691566,0.226328,0.687830,0.180579,0.656424,0.376614,0.639986,0.306950,0.631411,0.251662,0.623154,0.206290,0.612691,0.399034,0.591537,0.340202,0.583044,0.298926,0.576313,0.261523,1572669385192
0.702999,0.561577,0.776178,0.519426,0.818172,0.463362,0.848740,0.412289,0.883657,0.362667,0.757685,0.368984,0.766001,0.294246,0.772036,0.244646,0.774585,0.206865,0.710205,0.369930,0.703488,0.291518,0.699531,0.236790,0.696058,0.191700,0.663450,0.385180,0.647630,0.316841,0.638390,0.261802,0.629742,0.217050,0.619752,0.407876,0.600244,0.349161,0.592103,0.307452,0.585674,0.270419,1572669385309
0.708224,0.574337,0.781491,0.532420,0.823127,0.476180,0.853589,0.425345,0.889066,0.374237,0.762080,0.381011,0.770106,0.306336,0.775693,0.255394,0.777838,0.216637,0.715305,0.382396,0.708016,0.304364,0.704478,0.247598,0.702034,0.201185,0.668598,0.398210,0.651986,0.329791,0.642473,0.274511,0.633837,0.228790,0.625267,0.421910,0.604527,0.363711,0.596084,0.321929,0.589879,0.283189,1572669385429
0.714306,0.588443,0.785700,0.547807,0.826961,0.491413,0.856835,0.439885,0.892347,0.390218,0.767304,0.395234,0.775107,0.320188,0.779920,0.269194,0.781284,0.231207,0.720605,0.396752,0.714045,0.317734,0.709643,0.261342,0.706503,0.215533,0.673473,0.411805,0.657648,0.343057,0.647882,0.287808,0.638757,0.242108,0.630006,0.435472,0.609630,0.377005,0.600963,0.334669,0.594751,0.295706,1572669385556
0.717804,0.601645,0.789973,0.560735,0.831234,0.502767,0.861396,0.451512,0.897084,0.401032,0.771459,0.406212,0.779568,0.330463,0.784265,0.279916,0.785409,0.243008,0.724456,0.408450,0.716866,0.329061,0.712310,0.272871,0.709063,0.226578,0.677461,0.423988,0.661606,0.354089,0.651563,0.298957,0.642340,0.253591,0.633913,0.447476,0.613457,0.387707,0.605256,0.345482,0.599315,0.307071,1572669385674
0.720413,0.613374,0.791457,0.572547,0.834376,0.514880,0.864053,0.462928,0.898217,0.412760,0.773452,0.414993,0.780509,0.341007,0.785570,0.290408,0.787134,0.252842,0.726657,0.418119,0.718697,0.340831,0.714497,0.285233,0.711460,0.240011,0.679841,0.435054,0.662762,0.367451,0.653299,0.312501,0.644397,0.267295,0.636697,0.460381,0.615038,0.402141,0.606223,0.360396,0.600289,0.321769,1572669385790
0.722511,0.630700,0.795009,0.589143,0.834796,0.533832,0.864814,0.483809,0.899404,0.437374,0.776948,0.438958,0.784066,0.366155,0.788512,0.314895,0.789104,0.276814,0.729664,0.441530,0.721512,0.362108,0.716377,0.305420,0.712021,0.260133,0.683296,0.455801,0.666626,0.387377,0.657452,0.333196,0.648312,0.289209,0.640762,0.477734,0.618676,0.419741,0.610077,0.378716,0.604624,0.341180,1572669385906
0.724737,0.639379,0.797318,0.598654,0.839988,0.540031,0.870613,0.488334,0.907478,0.437530,0.777508,0.444293,0.785921,0.368511,0.791550,0.317875,0.794007,0.279355,0.730815,0.446755,0.724827,0.367586,0.721503,0.312347,0.718688,0.265896,0.684517,0.463359,0.668213,0.394074,0.658445,0.339418,0.650174,0.293437,0.642710,0.487708,0.622122,0.429633,0.613165,0.388174,0.607728,0.349343,1572669386022
0.726382,0.650997,0.796017,0.611412,0.839594,0.555016,0.868459,0.503161,0.903255,0.453002,0.781471,0.457969,0.787714,0.384677,0.792508,0.332911,0.793996,0.293932,0.733950,0.460110,0.724889,0.384743,0.721227,0.326578,0.718313,0.278207,0.686043,0.476382,0.670600,0.408989,0.662884,0.352874,0.654302,0.306603,0.641461,0.500573,0.622020,0.442160,0.614292,0.400288,0.608261,0.361190,1572669386136
0.727593,0.667959,0.798247,0.627476,0.840746,0.571615,0.871930,0.520156,0.908027,0.472377,0.782311,0.471910,0.790655,0.399087,0.795182,0.349143,0.795524,0.312325,0.735535,0.474093,0.727968,0.396265,0.723574,0.339862,0.719882,0.294282,0.688556,0.489647,0.672777,0.422308,0.663392,0.367343,0.654007,0.321561,0.644762,0.513043,0.622463,0.455665,0.613721,0.414486,0.607698,0.375591,1572669386248
0.728007,0.678057,0.797412,0.637296,0.840175,0.580303,0.870025,0.529026,0.906338,0.478747,0.781700,0.483445,0.788357,0.411151,0.793311,0.359987,0.794920,0.321017,0.734997,0.486084,0.727023,0.411067,0.723054,0.354522,0.719802,0.306614,0.687146,0.502567,0.671601,0.435814,0.663073,0.380323,0.654171,0.333724,0.642798,0.527069,0.623275,0.469637,0.615205,0.427579,0.608939,0.387633,1572669386364
0.725023,0.694294,0.796933,0.654653,0.839875,0.598971,0.869506,0.547492,0.903277,0.500662,0.781843,0.501362,0.788343,0.428812,0.791983,0.378176,0.792121,0.340402,0.733904,0.502632,0.724774,0.425490,0.720853,0.368609,0.717729,0.321150,0.686250,0.517401,0.670865,0.449462,0.662845,0.394037,0.654428,0.347650,0.641945,0.539881,0.621598,0.482223,0.613524,0.440963,0.607170,0.401700,1572669386481
0.726092,0.704800,0.795278,0.663901,0.837898,0.607379,0.868105,0.556901,0.904543,0.507373,0.779297,0.509215,0.785735,0.436973,0.790515,0.386252,0.791679,0.347598,0.732672,0.511848,0.724447,0.437003,0.720175,0.380711,0.716238,0.333068,0.684861,0.528417,0.669418,0.462199,0.660248,0.406914,0.650462,0.360000,0.641001,0.553145,0.621406,0.496269,0.612578,0.454539,0.605483,0.414780,1572669386598
0.720286,0.716858,0.789434,0.677655,0.834129,0.623396,0.864891,0.572792,0.903280,0.522917,0.776723,0.522900,0.781400,0.450275,0.784565,0.400032,0.783777,0.362250,0.728528,0.524839,0.717905,0.449300,0.713985,0.392714,0.710041,0.345099,0.680526,0.541276,0.663087,0.473604,0.655220,0.418526,0.645978,0.372281,0.636123,0.565364,0.615868,0.507773,0.606797,0.465967,0.598713,0.425993,1572669386711
0.716826,0.731655,0.789372,0.691208,0.832669,0.636950,0.863075,0.587781,0.898474,0.540195,0.775288,0.538782,0.780461,0.465991,0.783539,0.417357,0.782566,0.381483,0.726552,0.540100,0.717358,0.463645,0.713758,0.408285,0.710178,0.362520,0.677949,0.555578,0.661284,0.488664,0.652971,0.433082,0.643637,0.386307,0.633992,0.578886,0.612569,0.522442,0.603855,0.480209,0.596865,0.439263,1572669386829
0.713429,0.741948,0.782992,0.700733,0.826444,0.648152,0.858173,0.599169,0.897594,0.548847,0.768118,0.549652,0.774853,0.475938,0.778366,0.425171,0.779250,0.386871,0.720148,0.552131,0.711442,0.475310,0.707097,0.419027,0.704181,0.370484,0.672513,0.568430,0.656048,0.500228,0.647412,0.445587,0.639384,0.399112,0.628963,0.592145,0.607240,0.534587,0.597456,0.492579,0.589690,0.451760,1572669386945
0.708624,0.754108,0.778944,0.713433,0.823024,0.659980,0.854550,0.610730,0.892998,0.559808,0.765661,0.562089,0.770843,0.487568,0.774012,0.437169,0.773678,0.400264,0.717245,0.564170,0.707323,0.487387,0.703284,0.431160,0.699963,0.384041,0.669213,0.579934,0.652131,0.510669,0.643886,0.455926,0.634789,0.410639,0.625168,0.603044,0.605635,0.544692,0.596310,0.502864,0.588127,0.463274,1572669387062
0.703695,0.769267,0.773333,0.729881,0.817672,0.676500,0.848900,0.626423,0.886110,0.575374,0.760588,0.577430,0.766839,0.502051,0.770208,0.452012,0.770313,0.414954,0.711849,0.579862,0.702613,0.501981,0.698604,0.445909,0.696287,0.398246,0.663054,0.595824,0.647406,0.525740,0.638887,0.470958,0.630727,0.425112,0.617847,0.619431,0.598343,0.559868,0.589219,0.517909,0.581796,0.478318,1572669387178
0.698140,0.780007,0.767062,0.736954,0.810925,0.683279,0.843306,0.634466,0.881863,0.584359,0.751774,0.587203,0.757892,0.514511,0.761883,0.464442,0.762796,0.425918,0.704235,0.590045,0.694227,0.513626,0.690644,0.458139,0.688170,0.409636,0.656970,0.606814,0.639500,0.537174,0.631437,0.483020,0.623728,0.436893,0.613352,0.630133,0.592574,0.571891,0.583119,0.530506,0.575157,0.490379,1572669387293
0.689321,0.794488,0.757712,0.754120,0.800806,0.701263,0.832844,0.650831,0.871806,0.600930,0.745350,0.605251,0.749386,0.528713,0.751803,0.478088,0.751757,0.440174,0.697202,0.606571,0.687693,0.527101,0.683494,0.469570,0.680636,0.420696,0.648670,0.623720,0.631281,0.549859,0.622777,0.494452,0.614951,0.449102,0.604131,0.648734,0.583161,0.585232,0.572743,0.543402,0.563901,0.503847,1572669387410
0.682039,0.804383,0.749284,0.762028,0.792208,0.706220,0.823703,0.656005,0.862304,0.606577,0.735840,0.609907,0.741053,0.537643,0.745342,0.487057,0.746325,0.447042,0.688739,0.612619,0.679502,0.535652,0.675972,0.479854,0.672742,0.431319,0.641260,0.629889,0.623325,0.559546,0.615809,0.505607,0.607947,0.459634,0.597209,0.654103,0.576775,0.594926,0.567020,0.553492,0.558642,0.512799,1572669387525
0.673494,0.813276,0.741896,0.770217,0.784531,0.717056,0.816956,0.667212,0.855902,0.617625,0.727954,0.622382,0.734595,0.548588,0.739985,0.497093,0.741176,0.456248,0.680920,0.624965,0.672814,0.546155,0.670213,0.490286,0.667048,0.441580,0.633878,0.641654,0.615576,0.569698,0.608702,0.515876,0.600827,0.470855,0.590032,0.664656,0.568248,0.604516,0.559478,0.563030,0.551678,0.522665,1572669387644
0.664084,0.822083,0.731124,0.783618,0.772755,0.733104,0.804110,0.682815,0.843023,0.632671,0.718682,0.636849,0.724890,0.560823,0.728251,0.509646,0.727528,0.469312,0.671666,0.638063,0.662687,0.557945,0.659767,0.499542,0.656859,0.449784,0.623389,0.654648,0.605691,0.580135,0.598084,0.524994,0.590102,0.480435,0.578533,0.677585,0.557031,0.614509,0.547380,0.572682,0.538692,0.533416,1572669387762
0.652083,0.831268,0.722196,0.787342,0.763888,0.736494,0.794768,0.687979,0.833692,0.638112,0.708647,0.643016,0.715438,0.567919,0.720686,0.517448,0.721397,0.478187,0.661152,0.646166,0.652328,0.566702,0.649707,0.510407,0.646205,0.461492,0.614107,0.662008,0.596021,0.590048,0.588777,0.535619,0.580287,0.489994,0.570579,0.683260,0.548559,0.623377,0.540001,0.581487,0.531759,0.541223,1572669387878
0.642360,0.840911,0.710878,0.799554,0.751530,0.751106,0.782022,0.702534,0.822446,0.650795,0.698065,0.655307,0.704373,0.578900,0.707554,0.528173,0.706540,0.489453,0.651061,0.657494,0.642209,0.576249,0.639305,0.518463,0.635469,0.469410,0.603720,0.673157,0.586254,0.598927,0.577919,0.543524,0.569237,0.498944,0.559705,0.694548,0.537245,0.632708,0.527833,0.590402,0.518983,0.551352,1572669387994
0.632160,0.848870,0.702639,0.804928,0.743791,0.752533,0.773833,0.703207,0.812512,0.653277,0.688518,0.659493,0.695483,0.583860,0.699794,0.533366,0.700096,0.494296,0.640982,0.662789,0.632857,0.582897,0.629519,0.526903,0.625937,0.478334,0.593617,0.679095,0.576529,0.606401,0.569162,0.552028,0.561185,0.506752,0.549702,0.700559,0.527367,0.639804,0.518835,0.597993,0.511340,0.558262,1572669388112
0.622821,0.854407,0.694436,0.811363,0.734738,0.758059,0.764194,0.707832,0.802146,0.657236,0.679963,0.665194,0.686504,0.589775,0.690167,0.539009,0.690610,0.499991,0.632387,0.667438,0.625207,0.586455,0.621073,0.530634,0.617086,0.482873,0.584745,0.683032,0.568419,0.610707,0.560930,0.556439,0.553716,0.512666,0.539749,0.704291,0.518076,0.644223,0.509366,0.602253,0.502704,0.563157,1572669388227
0.608436,0.864684,0.678582,0.821606,0.719384,0.773720,0.749868,0.725437,0.788117,0.673936,0.664281,0.678338,0.670802,0.601298,0.675422,0.550329,0.675339,0.511160,0.617596,0.680644,0.607559,0.600210,0.605625,0.542351,0.601813,0.494186,0.570536,0.696829,0.551448,0.621999,0.544187,0.566041,0.535640,0.522430,0.527055,0.719092,0.504883,0.656010,0.495724,0.612833,0.486075,0.574315,1572669388341
0.593563,0.869070,0.665083,0.825999,0.705666,0.775992,0.736034,0.728284,0.775402,0.676367,0.650681,0.681860,0.656941,0.604196,0.659777,0.553715,0.659349,0.515479,0.604190,0.684441,0.596532,0.602194,0.592676,0.544979,0.588823,0.496529,0.556789,0.699954,0.539301,0.625228,0.531096,0.570189,0.523428,0.526750,0.513218,0.721188,0.490739,0.658940,0.480644,0.617263,0.472334,0.578961,1572669388457
0.582250,0.875994,0.651020,0.832551,0.691261,0.785067,0.722016,0.737218,0.762327,0.684815,0.638063,0.690245,0.645275,0.612826,0.648544,0.562289,0.647961,0.523840,0.591626,0.693199,0.583409,0.610991,0.579685,0.553662,0.575135,0.504694,0.544611,0.708873,0.527005,0.634333,0.518367,0.578734,0.509368,0.534002,0.501166,0.729749,0.478349,0.667583,0.468258,0.625157,0.459279,0.586279,1572669388578
0.569181,0.880449,0.641085,0.836098,0.681214,0.784771,0.712263,0.735538,0.752468,0.684124,0.625923,0.693785,0.633185,0.615670,0.637173,0.564721,0.637970,0.525894,0.579559,0.696231,0.572760,0.613265,0.569038,0.557366,0.565450,0.510219,0.532418,0.712033,0.514997,0.637630,0.507759,0.583041,0.500951,0.539591,0.488440,0.733479,0.465422,0.671496,0.455873,0.629440,0.448863,0.590760,1572669388698
0.559715,0.883040,0.632313,0.837426,0.672659,0.785938,0.702451,0.736680,0.739225,0.684850,0.615943,0.695244,0.622763,0.616903,0.626024,0.566710,0.626082,0.528825,0.570210,0.697675,0.563247,0.614723,0.558889,0.558889,0.555096,0.512297,0.523265,0.713526,0.505546,0.639498,0.498085,0.584641,0.491336,0.541516,0.479386,0.735431,0.455643,0.673772,0.445742,0.631487,0.438193,0.593429,1572669388833
0.544961,0.887228,0.614103,0.842739,0.655056,0.791996,0.685076,0.744020,0.725652,0.693202,0.599189,0.702246,0.605610,0.623503,0.609638,0.570958,0.609970,0.530499,0.554369,0.705340,0.544640,0.623281,0.541335,0.565342,0.537464,0.515967,0.508167,0.721124,0.487368,0.646833,0.480270,0.590656,0.472467,0.545830,0.465831,0.742575,0.442004,0.679617,0.432244,0.637170,0.423129,0.598566,1572669388971
0.533221,0.889039,0.601454,0.845609,0.642147,0.794894,0.672098,0.745854,0.710900,0.693011,0.589174,0.705092,0.595226,0.623826,0.598026,0.572207,0.597517,0.532762,0.543801,0.708204,0.535058,0.623399,0.530965,0.566508,0.526918,0.517895,0.496647,0.723778,0.476664,0.647204,0.469231,0.592062,0.461550,0.547492,0.452521,0.745138,0.427645,0.680982,0.417736,0.639134,0.409153,0.599854,1572669389110
0.517382,0.892782,0.587211,0.847142,0.629184,0.794600,0.658452,0.745543,0.695088,0.691575,0.572173,0.706033,0.578419,0.625881,0.581825,0.573231,0.581753,0.532760,0.526531,0.709278,0.517084,0.626698,0.513140,0.568583,0.508346,0.518289,0.479882,0.725422,0.458449,0.650010,0.451230,0.594236,0.442642,0.549157,0.437203,0.747247,0.412163,0.684424,0.402328,0.641672,0.392868,0.601468,1572669389246
0.503548,0.896295,0.575307,0.846903,0.616180,0.792593,0.646737,0.742304,0.681926,0.689062,0.557275,0.708174,0.565156,0.628283,0.568706,0.576136,0.568979,0.535797,0.512323,0.710285,0.506403,0.626832,0.502504,0.570067,0.498450,0.521412,0.466338,0.726030,0.448062,0.651321,0.441486,0.596490,0.434240,0.551815,0.424108,0.748868,0.399472,0.687773,0.390056,0.644915,0.382429,0.604087,1572669389380
0.490643,0.899595,0.563612,0.848108,0.605789,0.793577,0.637588,0.742742,0.671845,0.689538,0.545528,0.711031,0.553298,0.630349,0.556483,0.578290,0.556610,0.537776,0.500161,0.712160,0.494450,0.628068,0.490868,0.571462,0.486479,0.523037,0.453945,0.727357,0.436758,0.651382,0.431070,0.596409,0.424828,0.551944,0.411332,0.749979,0.387164,0.688144,0.377834,0.645290,0.370391,0.604679,1572669389516
0.472627,0.899428,0.540588,0.849223,0.584397,0.793206,0.615067,0.744126,0.649828,0.691047,0.528539,0.707513,0.535816,0.626348,0.539232,0.573526,0.538439,0.532076,0.483437,0.708406,0.474745,0.624839,0.471404,0.566122,0.466497,0.516117,0.437143,0.723731,0.416764,0.647932,0.410069,0.591504,0.403034,0.546802,0.394621,0.746950,0.369152,0.685333,0.358503,0.642540,0.349594,0.601807,1572669389666
0.458281,0.899363,0.528359,0.849507,0.571493,0.792090,0.605986,0.739883,0.643231,0.686798,0.513928,0.706402,0.523590,0.626569,0.527736,0.574484,0.526722,0.532890,0.469641,0.707754,0.464105,0.623342,0.461596,0.565699,0.458451,0.516080,0.424074,0.723471,0.407411,0.648091,0.400635,0.593211,0.394372,0.547943,0.381436,0.746598,0.357946,0.686126,0.350767,0.644375,0.346566,0.605000,1572669389805
0.447296,0.897060,0.517899,0.843067,0.560825,0.785427,0.591464,0.735321,0.625185,0.680253,0.502233,0.702136,0.510167,0.620652,0.513352,0.566960,0.512208,0.524627,0.456462,0.703626,0.448389,0.619840,0.445612,0.559775,0.440711,0.508588,0.409837,0.719727,0.391466,0.643034,0.385018,0.586343,0.377972,0.540701,0.367215,0.743429,0.342901,0.680771,0.333202,0.637278,0.324809,0.596067,1572669389941
0.430763,0.896062,0.501012,0.842455,0.544535,0.787267,0.579992,0.736942,0.615554,0.683427,0.488315,0.704149,0.496598,0.622830,0.500459,0.569303,0.500000,0.527642,0.443466,0.705444,0.438337,0.619248,0.434981,0.561078,0.431646,0.511769,0.398233,0.720421,0.381187,0.643789,0.374125,0.588072,0.368536,0.542985,0.356008,0.742767,0.331197,0.680845,0.323178,0.638778,0.318946,0.599622,1572669390079
0.423263,0.890150,0.493627,0.836430,0.536036,0.781015,0.568235,0.729605,0.601626,0.671828,0.479786,0.699373,0.488342,0.616346,0.491226,0.562856,0.489914,0.520550,0.433512,0.700597,0.427902,0.614681,0.423584,0.555771,0.417773,0.506208,0.386852,0.715455,0.369718,0.637275,0.362420,0.581564,0.355577,0.537291,0.344576,0.737692,0.320173,0.673246,0.310856,0.629884,0.303899,0.589524,1572669390214
0.409494,0.879380,0.479366,0.828588,0.521541,0.774923,0.552874,0.726132,0.587869,0.669433,0.465129,0.689072,0.473509,0.609266,0.476452,0.557529,0.475621,0.514729,0.418226,0.691407,0.412822,0.607406,0.408423,0.550190,0.403553,0.499514,0.371197,0.706604,0.355404,0.630683,0.348189,0.576499,0.341793,0.531507,0.328362,0.728445,0.305223,0.665715,0.296068,0.623934,0.289255,0.583948,1572669390348
0.399141,0.871935,0.470526,0.822537,0.511460,0.773143,0.543297,0.725572,0.580468,0.672573,0.453844,0.683779,0.459510,0.604565,0.464164,0.553247,0.464997,0.513441,0.408116,0.687651,0.401487,0.602672,0.397498,0.546279,0.393450,0.497484,0.362012,0.703178,0.346571,0.628654,0.339490,0.572516,0.332650,0.527122,0.318895,0.723755,0.295590,0.662173,0.286044,0.620100,0.278169,0.581908,1572669390487
0.383859,0.864107,0.457383,0.814334,0.497002,0.763780,0.527385,0.717825,0.564981,0.663722,0.439125,0.675636,0.445333,0.597485,0.449736,0.546074,0.451278,0.505847,0.392379,0.679752,0.383993,0.595850,0.379280,0.538732,0.374636,0.489710,0.346129,0.695413,0.329214,0.619278,0.321868,0.563782,0.315580,0.520207,0.304054,0.716479,0.280829,0.654337,0.269670,0.612251,0.259920,0.574296,1572669390621
0.373083,0.857124,0.446589,0.810996,0.486860,0.760077,0.517022,0.712068,0.553877,0.658156,0.428827,0.669048,0.434752,0.592115,0.439336,0.541566,0.441103,0.502311,0.381882,0.672819,0.375323,0.589662,0.370585,0.533448,0.365996,0.484569,0.335560,0.688637,0.320218,0.615787,0.312538,0.560026,0.305095,0.514957,0.292827,0.708887,0.269512,0.649664,0.259833,0.607424,0.251427,0.568681,1572669390765
0.363643,0.850436,0.437719,0.805545,0.477621,0.754604,0.507127,0.706173,0.543635,0.651902,0.418943,0.663508,0.425498,0.586227,0.429802,0.535550,0.431357,0.495734,0.371531,0.666851,0.365210,0.583178,0.359987,0.527191,0.355127,0.477882,0.325006,0.682562,0.309882,0.610157,0.302468,0.554541,0.295476,0.508901,0.282115,0.703091,0.258672,0.644169,0.248506,0.601651,0.239923,0.562258,1572669390904
0.349077,0.840457,0.423722,0.793261,0.463240,0.743577,0.493055,0.696269,0.531082,0.641330,0.406975,0.652480,0.414555,0.575842,0.418123,0.525759,0.418377,0.484898,0.359347,0.656193,0.354142,0.571598,0.350084,0.516600,0.345450,0.467465,0.312920,0.671825,0.297881,0.597298,0.290793,0.542608,0.284104,0.497783,0.269914,0.692436,0.247134,0.632120,0.236940,0.590435,0.227637,0.551504,1572669391045
0.343427,0.830065,0.417298,0.785549,0.457322,0.733823,0.486706,0.686175,0.524124,0.631429,0.397908,0.641914,0.404264,0.565954,0.409422,0.515833,0.411447,0.475813,0.350225,0.646296,0.344444,0.562982,0.339892,0.507483,0.334967,0.457460,0.303628,0.662269,0.289203,0.589931,0.281816,0.534295,0.274682,0.487498,0.260553,0.682575,0.237649,0.624184,0.227828,0.582014,0.219129,0.541388,1572669391183
0.333165,0.824699,0.407320,0.776914,0.447331,0.725814,0.476729,0.678362,0.513076,0.623942,0.388095,0.637532,0.394450,0.560261,0.399384,0.509338,0.401576,0.469316,0.340419,0.641115,0.334210,0.557281,0.329691,0.501469,0.325431,0.452133,0.293820,0.656362,0.278583,0.583173,0.271767,0.527522,0.264776,0.482039,0.251194,0.676362,0.228442,0.617526,0.218507,0.575542,0.209611,0.536596,1572669391317
0.321159,0.812872,0.395561,0.765452,0.435202,0.714307,0.465001,0.667139,0.503995,0.611642,0.378131,0.624633,0.385190,0.547761,0.389983,0.496908,0.390487,0.455056,0.329735,0.628456,0.325624,0.544189,0.322556,0.489229,0.318013,0.438615,0.283038,0.643302,0.269179,0.569449,0.263079,0.514973,0.256517,0.469522,0.239805,0.662807,0.217789,0.604189,0.208171,0.562517,0.198829,0.522789,1572669391452
0.314364,0.803013,0.387886,0.757022,0.428367,0.704958,0.458868,0.657022,0.496576,0.602508,0.369353,0.613365,0.375800,0.536543,0.380965,0.485870,0.382324,0.445570,0.321492,0.617463,0.315850,0.533148,0.311872,0.477371,0.307518,0.426760,0.274934,0.632727,0.261512,0.559263,0.254402,0.503667,0.247518,0.457284,0.231527,0.652482,0.209909,0.594040,0.200393,0.552178,0.192252,0.512788,1572669391590
0.310399,0.792383,0.383890,0.746415,0.424652,0.693694,0.455776,0.645998,0.494397,0.592405,0.364049,0.602994,0.372122,0.526480,0.377852,0.476394,0.379503,0.436419,0.316864,0.606636,0.311044,0.524559,0.307619,0.470007,0.303216,0.420532,0.270620,0.621968,0.257111,0.550399,0.249573,0.495526,0.241258,0.449751,0.227753,0.642574,0.206123,0.585229,0.196250,0.544571,0.187565,0.506870,1572669391727
0.298142,0.779359,0.372870,0.733366,0.412995,0.683083,0.442617,0.634741,0.480587,0.580411,0.355033,0.592621,0.362627,0.515056,0.367168,0.464448,0.368111,0.422608,0.306572,0.596333,0.301924,0.511170,0.298715,0.455751,0.294910,0.405758,0.260068,0.611884,0.245814,0.537431,0.238521,0.482889,0.231649,0.437739,0.217445,0.632570,0.195424,0.572479,0.185137,0.531075,0.175688,0.491716,1572669391862
0.294844,0.769666,0.368090,0.724094,0.408414,0.672120,0.438875,0.624481,0.477335,0.570069,0.348103,0.580223,0.355937,0.504690,0.361437,0.454810,0.362821,0.414857,0.300820,0.584178,0.294926,0.502793,0.291439,0.447975,0.286822,0.397895,0.254449,0.599899,0.240196,0.529668,0.232262,0.474726,0.223709,0.428271,0.211591,0.620726,0.189778,0.564326,0.179977,0.523041,0.171381,0.484489,1572669391999
0.287317,0.756667,0.359319,0.709123,0.400346,0.656834,0.430697,0.608854,0.466392,0.555228,0.343892,0.566169,0.349639,0.490363,0.353463,0.440208,0.353261,0.399854,0.294294,0.568925,0.289073,0.486451,0.285368,0.431956,0.281100,0.381486,0.247426,0.583782,0.234462,0.510987,0.227459,0.456523,0.220927,0.411564,0.203638,0.603823,0.182828,0.546888,0.172596,0.504802,0.163389,0.465258,1572669392137
0.285197,0.745858,0.357063,0.700617,0.398952,0.646794,0.428431,0.597022,0.465413,0.543606,0.340071,0.553129,0.348247,0.476928,0.354409,0.427409,0.355683,0.387106,0.291288,0.555304,0.285449,0.472918,0.282599,0.418957,0.277901,0.370201,0.245099,0.570032,0.230896,0.497992,0.221614,0.443843,0.211941,0.397801,0.202404,0.591500,0.180647,0.533782,0.170352,0.493448,0.161377,0.455311,1572669392271
0.277228,0.734932,0.350874,0.688223,0.392165,0.635704,0.422995,0.587395,0.459998,0.532876,0.334328,0.543482,0.343189,0.466574,0.348184,0.416555,0.348591,0.376789,0.286107,0.546628,0.280670,0.463608,0.277490,0.409628,0.273508,0.360465,0.239839,0.561650,0.226352,0.488558,0.218706,0.433394,0.210934,0.388269,0.196887,0.581668,0.175275,0.523530,0.165567,0.481911,0.157166,0.444032,1572669392405
0.276334,0.722252,0.349548,0.672756,0.390762,0.619110,0.420684,0.569949,0.456530,0.516628,0.332925,0.525210,0.341118,0.450438,0.344664,0.401541,0.344287,0.362505,0.283907,0.527755,0.280369,0.445539,0.276350,0.392646,0.272044,0.344083,0.237615,0.542810,0.225291,0.469967,0.215936,0.416249,0.208252,0.371688,0.194150,0.564250,0.172395,0.507559,0.162685,0.466172,0.155378,0.428154,1572669392543
0.272806,0.706402,0.343971,0.658884,0.385386,0.607118,0.415342,0.558513,0.449710,0.504921,0.328845,0.513427,0.336377,0.437132,0.340682,0.386891,0.340167,0.346732,0.279807,0.516551,0.274326,0.433736,0.270447,0.380576,0.266006,0.330664,0.233359,0.532273,0.219662,0.458995,0.211102,0.406321,0.203445,0.362417,0.189575,0.553762,0.168131,0.496606,0.158557,0.455835,0.150775,0.418257,1572669392681
0.268284,0.693226,0.342230,0.645872,0.383861,0.591298,0.411578,0.540702,0.447444,0.488312,0.326867,0.495720,0.334901,0.422103,0.339513,0.372750,0.340338,0.332585,0.276500,0.497999,0.271978,0.416187,0.268752,0.362175,0.265839,0.313775,0.229487,0.513361,0.217853,0.441687,0.209002,0.388033,0.202021,0.342222,0.184707,0.535800,0.165561,0.478310,0.156977,0.438098,0.151415,0.400670,1572669392814
0.266985,0.680375,0.340248,0.632398,0.381677,0.578296,0.410326,0.527471,0.445710,0.474506,0.325939,0.482409,0.334975,0.408091,0.340452,0.358415,0.340986,0.318275,0.275573,0.484922,0.271875,0.402394,0.268382,0.349068,0.264400,0.301877,0.228625,0.499993,0.217350,0.427561,0.208477,0.374376,0.200647,0.329604,0.184535,0.522291,0.164507,0.464404,0.155641,0.424328,0.149416,0.386495,1572669392949
0.268179,0.670353,0.338886,0.623055,0.380399,0.569437,0.409437,0.519854,0.444915,0.466046,0.322996,0.474517,0.331516,0.398693,0.337860,0.348163,0.339364,0.307766,0.274139,0.476465,0.268474,0.394450,0.264780,0.340547,0.259987,0.293228,0.227637,0.491397,0.215056,0.420109,0.205985,0.366106,0.197304,0.320814,0.184711,0.513857,0.164197,0.456392,0.154305,0.416233,0.146676,0.377898,1572669393091
0.266693,0.654084,0.340311,0.607575,0.381180,0.552309,0.408706,0.500962,0.445685,0.448341,0.324847,0.456482,0.333344,0.380473,0.336259,0.329978,0.336974,0.288865,0.275071,0.458458,0.270722,0.374336,0.264819,0.319751,0.261361,0.271789,0.228016,0.473907,0.213797,0.400770,0.202877,0.346506,0.196589,0.300555,0.183616,0.496638,0.163463,0.437702,0.154252,0.397485,0.149872,0.359800,1572669393227
0.271291,0.643198,0.341089,0.598730,0.382093,0.544941,0.410832,0.493177,0.444976,0.440135,0.323979,0.449862,0.332624,0.372270,0.338125,0.321008,0.340058,0.279021,0.276649,0.451292,0.271451,0.367346,0.267700,0.311528,0.263586,0.262837,0.230551,0.466941,0.216193,0.394131,0.206118,0.339755,0.197450,0.294016,0.188287,0.490548,0.167068,0.431192,0.156294,0.390645,0.148621,0.352477,1572669393362
0.269639,0.628961,0.342553,0.581950,0.384412,0.527392,0.411747,0.474910,0.447062,0.421339,0.326100,0.434216,0.334514,0.357957,0.338203,0.306336,0.339543,0.262775,0.277273,0.436539,0.272225,0.352097,0.267864,0.296537,0.264943,0.245785,0.231256,0.451876,0.216693,0.379283,0.206050,0.324487,0.199239,0.277271,0.187805,0.474014,0.167822,0.415943,0.157175,0.374962,0.150967,0.336642,1572669393504
0.273945,0.616453,0.345336,0.567694,0.385936,0.512985,0.414451,0.460358,0.449365,0.407211,0.327905,0.424568,0.335971,0.345494,0.340765,0.291873,0.342636,0.248608,0.279366,0.426263,0.273630,0.339474,0.269248,0.283537,0.265862,0.233056,0.232887,0.440724,0.218956,0.366332,0.209315,0.311808,0.202534,0.265213,0.189538,0.461745,0.170624,0.401445,0.160249,0.360342,0.154103,0.321814,1572669393646
0.277088,0.606006,0.348380,0.560367,0.387895,0.505443,0.416601,0.451314,0.453655,0.396827,0.331316,0.415083,0.338933,0.335514,0.343160,0.282577,0.344798,0.239817,0.282911,0.416448,0.277466,0.330111,0.273418,0.274140,0.269960,0.223097,0.235977,0.430970,0.222101,0.356054,0.212192,0.301459,0.204659,0.254554,0.192213,0.451518,0.172606,0.390551,0.162377,0.349347,0.156488,0.310536,1572669393783
0.280152,0.588686,0.353189,0.538450,0.394823,0.483998,0.422575,0.432785,0.457764,0.379865,0.335483,0.394237,0.343201,0.318437,0.346587,0.265621,0.347798,0.222960,0.286999,0.396437,0.282266,0.312048,0.277252,0.255491,0.274463,0.204685,0.241686,0.410520,0.227548,0.337216,0.216815,0.281979,0.211391,0.235820,0.198836,0.431335,0.179289,0.372022,0.169266,0.330697,0.164555,0.293332,1572669393919
0.287031,0.575926,0.357958,0.528279,0.398991,0.472366,0.428266,0.418948,0.464120,0.364944,0.339877,0.383613,0.347943,0.305769,0.352499,0.252763,0.353977,0.210476,0.292251,0.385680,0.287044,0.299888,0.282942,0.243904,0.279988,0.193830,0.246144,0.399773,0.231821,0.323828,0.222608,0.269094,0.216666,0.223317,0.202831,0.419782,0.183585,0.358249,0.173903,0.316927,0.168516,0.279215,1572669394058
0.290849,0.564809,0.362879,0.519536,0.402030,0.464570,0.430897,0.413072,0.468524,0.361221,0.343935,0.375732,0.352236,0.298368,0.356798,0.245960,0.358647,0.203398,0.296429,0.377117,0.291366,0.292131,0.287453,0.236568,0.284318,0.186197,0.250512,0.391208,0.236517,0.316517,0.226815,0.262249,0.219596,0.216503,0.207990,0.410942,0.187948,0.350574,0.177608,0.309337,0.171273,0.271969,1572669394196
0.299990,0.546804,0.371705,0.498549,0.413610,0.445332,0.442074,0.393653,0.477110,0.341904,0.352977,0.352394,0.358360,0.277889,0.361341,0.226783,0.361384,0.186175,0.305192,0.356253,0.299620,0.271718,0.293942,0.217007,0.290519,0.166965,0.260354,0.371087,0.246478,0.296295,0.235745,0.242972,0.229803,0.197705,0.217340,0.391031,0.196475,0.331043,0.186399,0.290162,0.180782,0.253711,1572669394331
0.306090,0.539787,0.377467,0.494113,0.417893,0.440332,0.448116,0.388175,0.484221,0.335719,0.356958,0.350865,0.365132,0.273901,0.370315,0.221006,0.372619,0.178956,0.310454,0.352657,0.305361,0.269676,0.300981,0.213629,0.296920,0.163964,0.264930,0.367160,0.252038,0.294186,0.242277,0.238873,0.234649,0.192894,0.222309,0.387732,0.202469,0.327096,0.192618,0.284782,0.186775,0.246619,1572669394463
0.313376,0.528403,0.384440,0.482012,0.424971,0.427885,0.454587,0.376864,0.492229,0.323677,0.364289,0.338541,0.371094,0.262588,0.375588,0.209730,0.377263,0.167022,0.316671,0.341081,0.311962,0.258291,0.307396,0.202156,0.303817,0.151312,0.271226,0.354953,0.258294,0.282137,0.248260,0.227833,0.241325,0.181841,0.228901,0.374167,0.209487,0.315303,0.198737,0.274588,0.192168,0.236926,1572669394597
0.324987,0.515837,0.394243,0.469428,0.434516,0.415968,0.464111,0.364352,0.501919,0.309714,0.373531,0.323593,0.378911,0.247353,0.383188,0.195788,0.384332,0.154876,0.327145,0.326326,0.321908,0.242715,0.317295,0.188277,0.313778,0.138762,0.283087,0.340773,0.269451,0.266309,0.259483,0.213461,0.252630,0.168780,0.240582,0.361666,0.219523,0.301704,0.209149,0.260991,0.202694,0.223770,1572669394769
0.332250,0.507985,0.402906,0.461849,0.442017,0.408968,0.472031,0.356933,0.509894,0.303182,0.381611,0.317545,0.387927,0.239448,0.391911,0.187527,0.393150,0.145823,0.335228,0.320154,0.330234,0.235805,0.325838,0.181086,0.322438,0.131783,0.290749,0.334460,0.277238,0.260276,0.267312,0.206230,0.260253,0.160754,0.248931,0.354421,0.227815,0.294266,0.217210,0.252991,0.210719,0.215511,1572669394921
0.344653,0.496810,0.416603,0.450437,0.456662,0.397790,0.485488,0.346854,0.523180,0.291510,0.394120,0.305151,0.401285,0.228685,0.407134,0.176840,0.408782,0.135022,0.347796,0.308249,0.342790,0.223704,0.338179,0.170079,0.333613,0.120031,0.303585,0.322388,0.289685,0.247603,0.278032,0.195196,0.269211,0.150167,0.261690,0.343337,0.239019,0.282081,0.228044,0.241455,0.220586,0.204482,1572669395059
0.353647,0.488939,0.424310,0.442571,0.463672,0.389237,0.493571,0.337117,0.530975,0.283851,0.402038,0.298223,0.408845,0.220204,0.413337,0.167969,0.414593,0.125646,0.355366,0.300849,0.349848,0.217085,0.345428,0.162084,0.341552,0.112698,0.310376,0.315332,0.296214,0.242114,0.286129,0.187969,0.278482,0.141883,0.268118,0.335658,0.247118,0.276044,0.236595,0.234764,0.229971,0.196785,1572669395197
0.364387,0.480023,0.435075,0.434478,0.473240,0.382266,0.502255,0.330324,0.540099,0.276181,0.412902,0.289632,0.419711,0.212366,0.423746,0.160403,0.424954,0.118678,0.367068,0.291639,0.360829,0.208487,0.355785,0.154612,0.351450,0.105364,0.322292,0.305832,0.307769,0.232834,0.297351,0.179711,0.289535,0.133934,0.279620,0.326333,0.256766,0.266981,0.246213,0.226025,0.239468,0.188697,1572669395335
0.375892,0.472947,0.445971,0.427138,0.485705,0.374131,0.514519,0.323874,0.552568,0.270996,0.423692,0.282301,0.432129,0.205743,0.437292,0.153355,0.439320,0.111570,0.377936,0.284565,0.372486,0.201532,0.367992,0.147031,0.363173,0.097367,0.333335,0.298220,0.319026,0.225362,0.307960,0.171618,0.299406,0.125420,0.290718,0.318620,0.268372,0.258805,0.257711,0.217673,0.250279,0.180328,1572669395470
0.388631,0.465726,0.457070,0.421259,0.496864,0.367454,0.525890,0.316781,0.564240,0.263222,0.435305,0.274381,0.443889,0.198251,0.448576,0.145445,0.450441,0.103077,0.390005,0.277078,0.384367,0.193994,0.379434,0.138886,0.374611,0.088796,0.345364,0.291005,0.330844,0.217541,0.319343,0.163639,0.310715,0.116946,0.302561,0.311990,0.280052,0.251560,0.269242,0.210394,0.261700,0.172968,1572669395605
0.399806,0.459165,0.467507,0.416172,0.507854,0.363314,0.536738,0.312529,0.575021,0.258970,0.447111,0.270890,0.456202,0.195560,0.460773,0.142088,0.462956,0.098976,0.402258,0.273066,0.396342,0.190323,0.391482,0.133978,0.387003,0.084311,0.357492,0.285926,0.343218,0.213504,0.332439,0.158439,0.323891,0.111240,0.315018,0.306021,0.291878,0.246380,0.280929,0.205070,0.273006,0.167944,1572669395745
0.410202,0.455464,0.479569,0.410930,0.520925,0.356392,0.549724,0.306011,0.587381,0.252771,0.460818,0.265055,0.470259,0.190568,0.475489,0.137356,0.478111,0.094393,0.415329,0.266333,0.410091,0.184772,0.404778,0.129331,0.399514,0.080233,0.370177,0.278652,0.356220,0.206598,0.345414,0.152030,0.336563,0.106019,0.327589,0.298959,0.304346,0.239659,0.293603,0.198850,0.284757,0.162869,1572669395893
0.424916,0.449386,0.492183,0.406848,0.534022,0.351560,0.562191,0.300939,0.600547,0.246255,0.472336,0.258541,0.481168,0.185567,0.485895,0.133371,0.488023,0.090249,0.427316,0.259965,0.422162,0.179657,0.417218,0.124467,0.413104,0.074612,0.382464,0.272637,0.369114,0.201838,0.358406,0.147287,0.350230,0.099779,0.339617,0.294044,0.316619,0.236399,0.306135,0.195608,0.298166,0.157847,1572669396032
0.435741,0.445450,0.504305,0.402255,0.546435,0.347412,0.575330,0.297193,0.613463,0.243902,0.486196,0.254903,0.495538,0.181178,0.500070,0.128696,0.502035,0.085897,0.440630,0.256402,0.435652,0.175436,0.429711,0.120006,0.424151,0.070790,0.395566,0.268749,0.381383,0.197429,0.370598,0.142972,0.362051,0.096698,0.353121,0.289374,0.329723,0.230673,0.319011,0.189972,0.310423,0.153712,1572669396168
0.450004,0.442664,0.518053,0.399899,0.558472,0.344952,0.586252,0.294479,0.623819,0.241031,0.498646,0.252133,0.507491,0.178762,0.512194,0.126927,0.513773,0.084135,0.453583,0.253690,0.448368,0.174453,0.443026,0.119503,0.438532,0.069848,0.408655,0.265847,0.394778,0.195773,0.384229,0.141166,0.376742,0.094098,0.366233,0.286507,0.342750,0.229000,0.332314,0.188497,0.324377,0.151911,1572669396305
0.462842,0.440799,0.531003,0.399212,0.570864,0.343282,0.599104,0.293692,0.636898,0.240892,0.511300,0.251392,0.520243,0.177573,0.525602,0.125115,0.528293,0.082342,0.466070,0.252827,0.460594,0.171833,0.454914,0.115722,0.449733,0.066700,0.421294,0.264879,0.406838,0.193200,0.395661,0.138456,0.387721,0.092182,0.379170,0.285482,0.355651,0.227243,0.344752,0.186631,0.336302,0.150703,1572669396441
0.477587,0.437612,0.547041,0.396938,0.588429,0.339112,0.616294,0.289317,0.652292,0.237974,0.528682,0.247330,0.538200,0.175368,0.542714,0.123644,0.543783,0.081907,0.483025,0.247897,0.479191,0.167897,0.473890,0.112867,0.467793,0.063439,0.437582,0.259994,0.423611,0.188603,0.412782,0.135650,0.404166,0.088931,0.394499,0.280802,0.370863,0.222450,0.360084,0.182142,0.350986,0.144236,1572669396578
0.488659,0.438247,0.558049,0.393987,0.598410,0.338734,0.627634,0.288695,0.665756,0.235731,0.538637,0.245805,0.547659,0.173214,0.552456,0.121520,0.553673,0.079206,0.493476,0.246997,0.488627,0.167295,0.483285,0.112383,0.478811,0.064682,0.448173,0.258385,0.434420,0.187306,0.424371,0.133174,0.418147,0.088232,0.405463,0.277603,0.381775,0.219489,0.371257,0.179355,0.363917,0.144017,1572669396714
0.506737,0.435258,0.575330,0.393917,0.616318,0.337029,0.644065,0.287743,0.680667,0.236893,0.555834,0.243892,0.564878,0.172718,0.570274,0.121283,0.572150,0.078871,0.510685,0.245010,0.505708,0.165262,0.500748,0.110442,0.494934,0.061494,0.465521,0.257281,0.451198,0.186073,0.440776,0.132963,0.432219,0.086223,0.422682,0.278330,0.398896,0.219707,0.388832,0.179118,0.380003,0.141467,1572669396849
0.517148,0.437022,0.586194,0.395887,0.626483,0.339765,0.655517,0.289561,0.692377,0.237015,0.568238,0.247179,0.576438,0.173555,0.580810,0.121362,0.582380,0.080132,0.523108,0.248431,0.517448,0.167894,0.511701,0.111719,0.507088,0.064101,0.477187,0.259612,0.462896,0.187827,0.452179,0.132455,0.445228,0.087225,0.433803,0.278398,0.410658,0.219593,0.400554,0.178399,0.393805,0.142612,1572669396984
0.527689,0.439991,0.596075,0.396768,0.636756,0.340572,0.666984,0.290420,0.706396,0.238168,0.578170,0.248728,0.585950,0.174737,0.588842,0.122843,0.589101,0.080910,0.532776,0.249485,0.528294,0.170532,0.522842,0.114028,0.518394,0.066967,0.486737,0.261136,0.473470,0.190855,0.464072,0.135793,0.458325,0.090712,0.443891,0.280125,0.421887,0.221419,0.412497,0.180311,0.407189,0.143562,1572669397123
0.545747,0.439986,0.615009,0.397418,0.655162,0.340768,0.683093,0.291754,0.720289,0.241272,0.595382,0.249198,0.604376,0.176518,0.610312,0.124555,0.612726,0.083367,0.550437,0.250427,0.545427,0.170310,0.540863,0.114790,0.536162,0.066115,0.505450,0.262273,0.491533,0.190855,0.480406,0.136752,0.472314,0.090646,0.462735,0.282352,0.439721,0.223905,0.429266,0.183400,0.420972,0.146990,1572669397260
0.556777,0.443626,0.625911,0.402740,0.665988,0.346505,0.695048,0.296725,0.732146,0.245722,0.608402,0.253581,0.616714,0.179509,0.621121,0.127934,0.621861,0.087521,0.563548,0.254194,0.558298,0.172987,0.552889,0.116279,0.548085,0.069987,0.517749,0.265318,0.503401,0.193013,0.492579,0.137436,0.485229,0.092937,0.474263,0.284140,0.451463,0.224551,0.441358,0.183518,0.433943,0.148151,1572669397396
0.570195,0.450206,0.636447,0.409426,0.676594,0.353036,0.706872,0.302780,0.744577,0.252150,0.620581,0.259426,0.629653,0.185172,0.634479,0.133802,0.635771,0.093664,0.576041,0.259771,0.572237,0.179450,0.567162,0.121976,0.563224,0.076699,0.529606,0.271402,0.516532,0.199698,0.506460,0.143461,0.499982,0.099015,0.485855,0.290715,0.463721,0.230842,0.454152,0.189467,0.447975,0.153195,1572669397532
0.582404,0.452567,0.652627,0.409557,0.692253,0.353850,0.721090,0.304097,0.758554,0.251746,0.633815,0.261835,0.642839,0.188414,0.647712,0.136085,0.648897,0.094801,0.588860,0.262632,0.584477,0.182284,0.579831,0.126095,0.576254,0.079301,0.542752,0.274081,0.528840,0.202120,0.518757,0.146766,0.512498,0.101974,0.499492,0.293099,0.476920,0.234019,0.467200,0.192738,0.460910,0.156771,1572669397667
0.594976,0.455931,0.662987,0.415972,0.702802,0.359710,0.731902,0.309373,0.769569,0.257904,0.644655,0.266178,0.651316,0.191768,0.654736,0.139702,0.654937,0.098623,0.599846,0.266722,0.594845,0.187076,0.589965,0.130012,0.586224,0.083453,0.553629,0.278818,0.539859,0.208008,0.530260,0.152110,0.523836,0.107332,0.510211,0.297849,0.488675,0.239071,0.480079,0.197404,0.475111,0.160947,1572669397804
0.609584,0.465414,0.678041,0.422437,0.716992,0.366879,0.746222,0.316919,0.783201,0.268415,0.660400,0.274533,0.668412,0.200699,0.673833,0.149413,0.675894,0.110371,0.615083,0.274781,0.609916,0.193724,0.605627,0.136531,0.601791,0.091965,0.568950,0.286692,0.554837,0.214474,0.545155,0.158195,0.537593,0.113747,0.525540,0.306394,0.503598,0.246828,0.494276,0.205052,0.487349,0.168890,1572669397938
