5.120000000000000000e+02,9.900000000000000000e+01,3.470000000000000000e+02,4.830000000000000000e+02,6.840000000000000000e+02,3.390000000000000000e+02,-1.757218149063638890e+01,-1.757218149063638890e+01,1.200715000000000000e+05,1.581971555312205076e+09
5.140000000000000000e+02,1.000000000000000000e+02,3.450000000000000000e+02,4.820000000000000000e+02,6.830000000000000000e+02,3.390000000000000000e+02,3.471588670562333334e+01,0.000000000000000000e+00,1.204460000000000000e+05,1.581971555341010332e+09
5.120000000000000000e+02,9.800000000000000000e+01,3.450000000000000000e+02,4.840000000000000000e+02,6.840000000000000000e+02,3.380000000000000000e+02,-3.959617472410244687e+01,3.959617472410244687e+01,1.194855000000000000e+05,1.581971555366265297e+09
5.140000000000000000e+02,9.600000000000000000e+01,3.450000000000000000e+02,4.860000000000000000e+02,6.840000000000000000e+02,3.380000000000000000e+02,0.000000000000000000e+00,0.000000000000000000e+00,1.198865000000000000e+05,1.581971555392530441e+09
5.130000000000000000e+02,9.800000000000000000e+01,3.480000000000000000e+02,4.840000000000000000e+02,6.840000000000000000e+02,3.380000000000000000e+02,0.000000000000000000e+00,0.000000000000000000e+00,1.198090000000000000e+05,1.581971555416034698e+09
5.120000000000000000e+02,1.000000000000000000e+02,3.470000000000000000e+02,4.820000000000000000e+02,6.830000000000000000e+02,3.390000000000000000e+02,2.868900608075294656e+01,-2.868900608075294656e+01,1.204395000000000000e+05,1.581971555450891256e+09
5.120000000000000000e+02,1.000000000000000000e+02,3.470000000000000000e+02,4.820000000000000000e+02,6.830000000000000000e+02,3.380000000000000000e+02,0.000000000000000000e+00,3.076017747790693235e+01,1.204125000000000000e+05,1.581971555483400822e+09
5.120000000000000000e+02,9.800000000000000000e+01,3.470000000000000000e+02,4.840000000000000000e+02,6.840000000000000000e+02,3.380000000000000000e+02,-2.445059518951627098e+01,0.000000000000000000e+00,1.200165000000000000e+05,1.581971555524299622e+09
5.100000000000000000e+02,9.800000000000000000e+01,3.480000000000000000e+02,4.840000000000000000e+02,6.830000000000000000e+02,3.380000000000000000e+02,4.025436921157444914e+01,0.000000000000000000e+00,1.203355000000000000e+05,1.581971555549141645e+09
5.140000000000000000e+02,9.800000000000000000e+01,3.450000000000000000e+02,4.850000000000000000e+02,6.830000000000000000e+02,3.390000000000000000e+02,0.000000000000000000e+00,-2.951095850893918993e+01,1.207015000000000000e+05,1.581971555583027363e+09
5.120000000000000000e+02,1.000000000000000000e+02,3.470000000000000000e+02,4.820000000000000000e+02,6.830000000000000000e+02,3.390000000000000000e+02,0.000000000000000000e+00,0.000000000000000000e+00,1.203570000000000000e+05,1.581971555617910862e+09
5.120000000000000000e+02,9.900000000000000000e+01,3.470000000000000000e+02,4.830000000000000000e+02,6.830000000000000000e+02,3.380000000000000000e+02,0.000000000000000000e+00,3.125855374456890345e+01,1.205255000000000000e+05,1.581971555649902105e+09
5.140000000000000000e+02,9.700000000000000000e+01,3.430000000000000000e+02,4.850000000000000000e+02,6.830000000000000000e+02,3.380000000000000000e+02,0.000000000000000000e+00,0.000000000000000000e+00,1.203770000000000000e+05,1.581971555685686588e+09
5.120000000000000000e+02,9.900000000000000000e+01,3.470000000000000000e+02,4.830000000000000000e+02,6.830000000000000000e+02,3.380000000000000000e+02,0.000000000000000000e+00,0.000000000000000000e+00,1.200100000000000000e+05,1.581971555719571352e+09
5.120000000000000000e+02,9.800000000000000000e+01,3.470000000000000000e+02,4.840000000000000000e+02,6.830000000000000000e+02,3.380000000000000000e+02,0.000000000000000000e+00,0.000000000000000000e+00,1.206520000000000000e+05,1.581971555752460718e+09
5.120000000000000000e+02,9.600000000000000000e+01,3.470000000000000000e+02,4.860000000000000000e+02,6.840000000000000000e+02,3.380000000000000000e+02,-2.950908988574323288e+01,0.000000000000000000e+00,1.203610000000000000e+05,1.581971555786348581e+09
5.140000000000000000e+02,9.700000000000000000e+01,3.440000000000000000e+02,4.830000000000000000e+02,6.830000000000000000e+02,3.370000000000000000e+02,3.040518459988256339e+01,3.040518459988256339e+01,1.198755000000000000e+05,1.581971555819237709e+09
5.100000000000000000e+02,9.700000000000000000e+01,3.490000000000000000e+02,4.860000000000000000e+02,6.830000000000000000e+02,3.380000000000000000e+02,0.000000000000000000e+00,-3.135435931554671640e+01,1.203830000000000000e+05,1.581971555851131201e+09
5.100000000000000000e+02,9.800000000000000000e+01,3.470000000000000000e+02,4.840000000000000000e+02,6.820000000000000000e+02,3.370000000000000000e+02,3.039637067259959124e+01,3.039637067259959124e+01,1.202965000000000000e+05,1.581971555884029865e+09
5.140000000000000000e+02,9.800000000000000000e+01,3.430000000000000000e+02,4.840000000000000000e+02,6.830000000000000000e+02,3.390000000000000000e+02,-2.865548951287832224e+01,-5.731097902575664449e+01,1.204295000000000000e+05,1.581971555918927193e+09
5.180000000000000000e+02,1.000000000000000000e+02,3.390000000000000000e+02,4.830000000000000000e+02,6.840000000000000000e+02,3.380000000000000000e+02,-2.780944550897409684e+01,2.780944550897409684e+01,1.190435000000000000e+05,1.581971555954886198e+09
5.140000000000000000e+02,9.800000000000000000e+01,3.430000000000000000e+02,4.840000000000000000e+02,6.840000000000000000e+02,3.380000000000000000e+02,0.000000000000000000e+00,0.000000000000000000e+00,1.197805000000000000e+05,1.581971555985680580e+09
5.140000000000000000e+02,9.800000000000000000e+01,3.450000000000000000e+02,4.800000000000000000e+02,6.830000000000000000e+02,3.380000000000000000e+02,2.866547748412714824e+01,0.000000000000000000e+00,1.197335000000000000e+05,1.581971556020565748e+09
5.140000000000000000e+02,9.700000000000000000e+01,3.450000000000000000e+02,4.850000000000000000e+02,6.840000000000000000e+02,3.390000000000000000e+02,-3.032143889884911303e+01,-3.032143889884911303e+01,1.203515000000000000e+05,1.581971556053545713e+09
5.100000000000000000e+02,9.800000000000000000e+01,3.490000000000000000e+02,4.840000000000000000e+02,6.830000000000000000e+02,3.380000000000000000e+02,2.958965495347409913e+01,2.958965495347409913e+01,1.205140000000000000e+05,1.581971556087341309e+09
5.120000000000000000e+02,9.700000000000000000e+01,3.450000000000000000e+02,4.840000000000000000e+02,6.840000000000000000e+02,3.380000000000000000e+02,-2.866782860697027502e+01,0.000000000000000000e+00,1.204240000000000000e+05,1.581971556122223616e+09
5.140000000000000000e+02,1.010000000000000000e+02,3.450000000000000000e+02,4.820000000000000000e+02,6.830000000000000000e+02,3.380000000000000000e+02,2.950908988574323288e+01,0.000000000000000000e+00,1.198575000000000000e+05,1.581971556156111479e+09
5.120000000000000000e+02,9.900000000000000000e+01,3.470000000000000000e+02,4.830000000000000000e+02,6.830000000000000000e+02,3.380000000000000000e+02,0.000000000000000000e+00,0.000000000000000000e+00,1.202865000000000000e+05,1.581971556189000130e+09
5.100000000000000000e+02,9.600000000000000000e+01,3.490000000000000000e+02,4.870000000000000000e+02,6.830000000000000000e+02,3.380000000000000000e+02,0.000000000000000000e+00,0.000000000000000000e+00,1.208155000000000000e+05,1.581971556221890926e+09
5.120000000000000000e+02,9.600000000000000000e+01,3.470000000000000000e+02,4.870000000000000000e+02,6.840000000000000000e+02,3.370000000000000000e+02,-2.950825946250175846e+01,2.950825946250175846e+01,1.200580000000000000e+05,1.581971556255779743e+09
5.140000000000000000e+02,9.800000000000000000e+01,3.430000000000000000e+02,4.850000000000000000e+02,6.830000000000000000e+02,3.380000000000000000e+02,2.781350256298035006e+01,-2.781350256298035006e+01,1.207070000000000000e+05,1.581971556291733503e+09
5.120000000000000000e+02,9.800000000000000000e+01,3.450000000000000000e+02,4.840000000000000000e+02,6.830000000000000000e+02,3.390000000000000000e+02,0.000000000000000000e+00,-3.353055824253132045e+01,1.208525000000000000e+05,1.581971556321557045e+09
5.140000000000000000e+02,9.500000000000000000e+01,3.460000000000000000e+02,4.870000000000000000e+02,6.840000000000000000e+02,3.380000000000000000e+02,-2.866724079010320381e+01,2.866724079010320381e+01,1.205815000000000000e+05,1.581971556356440067e+09
5.120000000000000000e+02,9.900000000000000000e+01,3.470000000000000000e+02,4.830000000000000000e+02,6.830000000000000000e+02,3.390000000000000000e+02,3.039460850030798156e+01,-3.039460850030798156e+01,1.199530000000000000e+05,1.581971556389340639e+09
5.140000000000000000e+02,9.800000000000000000e+01,3.430000000000000000e+02,4.820000000000000000e+02,6.830000000000000000e+02,3.380000000000000000e+02,0.000000000000000000e+00,2.942338828481234714e+01,1.199495000000000000e+05,1.581971556423327208e+09
5.120000000000000000e+02,9.600000000000000000e+01,3.450000000000000000e+02,4.790000000000000000e+02,6.830000000000000000e+02,3.360000000000000000e+02,0.000000000000000000e+00,5.751570459859169659e+01,1.198555000000000000e+05,1.581971556458100319e+09
5.150000000000000000e+02,9.700000000000000000e+01,3.420000000000000000e+02,4.860000000000000000e+02,6.840000000000000000e+02,3.370000000000000000e+02,-3.135412492898364434e+01,-3.135412492898364434e+01,1.197940000000000000e+05,1.581971556489994049e+09
5.140000000000000000e+02,1.000000000000000000e+02,3.430000000000000000e+02,4.810000000000000000e+02,6.840000000000000000e+02,3.380000000000000000e+02,0.000000000000000000e+00,-2.866743672638046903e+01,1.194285000000000000e+05,1.581971556524876833e+09
5.120000000000000000e+02,9.500000000000000000e+01,3.490000000000000000e+02,4.870000000000000000e+02,6.840000000000000000e+02,3.370000000000000000e+02,0.000000000000000000e+00,3.037523808144376858e+01,1.200690000000000000e+05,1.581971556557798386e+09
5.120000000000000000e+02,1.000000000000000000e+02,3.460000000000000000e+02,4.810000000000000000e+02,6.830000000000000000e+02,3.370000000000000000e+02,2.953173692326107158e+01,0.000000000000000000e+00,1.199075000000000000e+05,1.581971556591660261e+09
5.140000000000000000e+02,9.800000000000000000e+01,3.430000000000000000e+02,4.840000000000000000e+02,6.830000000000000000e+02,3.380000000000000000e+02,0.000000000000000000e+00,-2.950307037597158200e+01,1.203875000000000000e+05,1.581971556625555038e+09
5.140000000000000000e+02,9.900000000000000000e+01,3.430000000000000000e+02,4.830000000000000000e+02,6.830000000000000000e+02,3.370000000000000000e+02,0.000000000000000000e+00,2.952342204734386044e+01,1.196875000000000000e+05,1.581971556659426451e+09
5.140000000000000000e+02,9.800000000000000000e+01,3.430000000000000000e+02,4.830000000000000000e+02,6.840000000000000000e+02,3.370000000000000000e+02,-3.020266144363154481e+01,0.000000000000000000e+00,1.196295000000000000e+05,1.581971556692536116e+09
5.120000000000000000e+02,9.600000000000000000e+01,3.450000000000000000e+02,4.840000000000000000e+02,6.840000000000000000e+02,3.370000000000000000e+02,0.000000000000000000e+00,0.000000000000000000e+00,1.197410000000000000e+05,1.581971556724431276e+09
5.140000000000000000e+02,9.700000000000000000e+01,3.430000000000000000e+02,4.850000000000000000e+02,6.830000000000000000e+02,3.370000000000000000e+02,2.866469386220894933e+01,0.000000000000000000e+00,1.210545000000000000e+05,1.581971556759317398e+09
5.140000000000000000e+02,9.400000000000000000e+01,3.430000000000000000e+02,4.890000000000000000e+02,6.830000000000000000e+02,3.370000000000000000e+02,0.000000000000000000e+00,0.000000000000000000e+00,1.204225000000000000e+05,1.581971556793219566e+09
5.140000000000000000e+02,9.600000000000000000e+01,3.430000000000000000e+02,4.860000000000000000e+02,6.830000000000000000e+02,3.370000000000000000e+02,0.000000000000000000e+00,0.000000000000000000e+00,1.202785000000000000e+05,1.581971556826403856e+09
5.120000000000000000e+02,9.500000000000000000e+01,3.450000000000000000e+02,4.840000000000000000e+02,6.830000000000000000e+02,3.370000000000000000e+02,0.000000000000000000e+00,0.000000000000000000e+00,1.202865000000000000e+05,1.581971556860245705e+09
5.120000000000000000e+02,9.700000000000000000e+01,3.450000000000000000e+02,4.850000000000000000e+02,6.840000000000000000e+02,3.370000000000000000e+02,-3.141259558278349218e+01,0.000000000000000000e+00,1.195325000000000000e+05,1.581971556892080069e+09
5.120000000000000000e+02,9.600000000000000000e+01,3.450000000000000000e+02,4.850000000000000000e+02,6.830000000000000000e+02,3.370000000000000000e+02,2.860331294284525683e+01,0.000000000000000000e+00,1.204855000000000000e+05,1.581971556927041054e+09
5.140000000000000000e+02,9.500000000000000000e+01,3.430000000000000000e+02,4.870000000000000000e+02,6.840000000000000000e+02,3.360000000000000000e+02,-2.939946448347889429e+01,2.939946448347889429e+01,1.204085000000000000e+05,1.581971556961055279e+09
5.140000000000000000e+02,9.800000000000000000e+01,3.430000000000000000e+02,4.840000000000000000e+02,6.840000000000000000e+02,3.380000000000000000e+02,0.000000000000000000e+00,-6.276690086571340998e+01,1.200685000000000000e+05,1.581971556992919207e+09
5.120000000000000000e+02,9.900000000000000000e+01,3.450000000000000000e+02,4.830000000000000000e+02,6.840000000000000000e+02,3.370000000000000000e+02,0.000000000000000000e+00,2.858615777815641579e+01,1.199015000000000000e+05,1.581971557027901173e+09
5.140000000000000000e+02,9.500000000000000000e+01,3.430000000000000000e+02,4.880000000000000000e+02,6.830000000000000000e+02,3.370000000000000000e+02,2.866978817063917973e+01,0.000000000000000000e+00,1.206760000000000000e+05,1.581971557062781096e+09
5.120000000000000000e+02,9.600000000000000000e+01,3.450000000000000000e+02,4.860000000000000000e+02,6.830000000000000000e+02,3.370000000000000000e+02,0.000000000000000000e+00,0.000000000000000000e+00,1.205735000000000000e+05,1.581971557094689131e+09
5.100000000000000000e+02,9.700000000000000000e+01,3.470000000000000000e+02,4.850000000000000000e+02,6.830000000000000000e+02,3.370000000000000000e+02,0.000000000000000000e+00,0.000000000000000000e+00,1.206395000000000000e+05,1.581971557128657103e+09
5.120000000000000000e+02,1.010000000000000000e+02,3.450000000000000000e+02,4.810000000000000000e+02,6.830000000000000000e+02,3.370000000000000000e+02,0.000000000000000000e+00,0.000000000000000000e+00,1.194910000000000000e+05,1.581971557162543535e+09
5.140000000000000000e+02,9.800000000000000000e+01,3.430000000000000000e+02,4.830000000000000000e+02,6.840000000000000000e+02,3.370000000000000000e+02,-3.005979990253132073e+01,0.000000000000000000e+00,1.202955000000000000e+05,1.581971557195810556e+09
5.140000000000000000e+02,9.800000000000000000e+01,3.430000000000000000e+02,4.830000000000000000e+02,6.830000000000000000e+02,3.370000000000000000e+02,3.120483290182424341e+01,0.000000000000000000e+00,1.191450000000000000e+05,1.581971557227856874e+09
5.120000000000000000e+02,9.700000000000000000e+01,3.450000000000000000e+02,4.840000000000000000e+02,6.840000000000000000e+02,3.360000000000000000e+02,-2.645881328774554930e+01,2.645881328774554930e+01,1.194425000000000000e+05,1.581971557265651464e+09
5.120000000000000000e+02,9.600000000000000000e+01,3.450000000000000000e+02,4.860000000000000000e+02,6.830000000000000000e+02,3.370000000000000000e+02,3.458506699649556992e+01,-3.458506699649556992e+01,1.201645000000000000e+05,1.581971557294565678e+09
5.140000000000000000e+02,9.800000000000000000e+01,3.430000000000000000e+02,4.840000000000000000e+02,6.830000000000000000e+02,3.360000000000000000e+02,0.000000000000000000e+00,2.573445246159132083e+01,1.200920000000000000e+05,1.581971557333424091e+09
5.120000000000000000e+02,9.800000000000000000e+01,3.450000000000000000e+02,4.820000000000000000e+02,6.830000000000000000e+02,3.370000000000000000e+02,0.000000000000000000e+00,-3.344473327485846426e+01,1.190075000000000000e+05,1.581971557363324165e+09
5.120000000000000000e+02,9.700000000000000000e+01,3.450000000000000000e+02,4.830000000000000000e+02,6.830000000000000000e+02,3.370000000000000000e+02,0.000000000000000000e+00,0.000000000000000000e+00,1.203345000000000000e+05,1.581971557397262335e+09
5.140000000000000000e+02,9.700000000000000000e+01,3.430000000000000000e+02,4.850000000000000000e+02,6.830000000000000000e+02,3.380000000000000000e+02,0.000000000000000000e+00,-3.019548612360966189e+01,1.204415000000000000e+05,1.581971557430379868e+09
5.120000000000000000e+02,9.800000000000000000e+01,3.450000000000000000e+02,4.850000000000000000e+02,6.830000000000000000e+02,3.380000000000000000e+02,0.000000000000000000e+00,0.000000000000000000e+00,1.203940000000000000e+05,1.581971557466238737e+09
5.140000000000000000e+02,9.600000000000000000e+01,3.430000000000000000e+02,4.870000000000000000e+02,6.830000000000000000e+02,3.370000000000000000e+02,0.000000000000000000e+00,3.036358371460010375e+01,1.200260000000000000e+05,1.581971557499172926e+09
5.120000000000000000e+02,9.700000000000000000e+01,3.450000000000000000e+02,4.850000000000000000e+02,6.830000000000000000e+02,3.370000000000000000e+02,0.000000000000000000e+00,0.000000000000000000e+00,1.202340000000000000e+05,1.581971557530966043e+09
5.140000000000000000e+02,1.010000000000000000e+02,3.410000000000000000e+02,4.810000000000000000e+02,6.830000000000000000e+02,3.380000000000000000e+02,0.000000000000000000e+00,-2.933879869334993629e+01,1.195740000000000000e+05,1.581971557565050602e+09
5.120000000000000000e+02,9.500000000000000000e+01,3.450000000000000000e+02,4.860000000000000000e+02,6.840000000000000000e+02,3.370000000000000000e+02,-2.838227353006854869e+01,2.838227353006854869e+01,1.203015000000000000e+05,1.581971557600283861e+09
5.130000000000000000e+02,1.010000000000000000e+02,3.440000000000000000e+02,4.830000000000000000e+02,6.830000000000000000e+02,3.380000000000000000e+02,3.033986285119064874e+01,-3.033986285119064874e+01,1.200425000000000000e+05,1.581971557633243799e+09
5.120000000000000000e+02,9.600000000000000000e+01,3.450000000000000000e+02,4.860000000000000000e+02,6.840000000000000000e+02,3.370000000000000000e+02,-2.876870104393870875e+01,2.876870104393870875e+01,1.204535000000000000e+05,1.581971557668003798e+09
5.120000000000000000e+02,1.030000000000000000e+02,3.450000000000000000e+02,4.800000000000000000e+02,6.830000000000000000e+02,3.390000000000000000e+02,3.135459370561411419e+01,-6.270918741122822837e+01,1.198745000000000000e+05,1.581971557699897051e+09
5.140000000000000000e+02,1.010000000000000000e+02,3.410000000000000000e+02,4.820000000000000000e+02,6.830000000000000000e+02,3.380000000000000000e+02,0.000000000000000000e+00,2.931583177818316699e+01,1.196880000000000000e+05,1.581971557734008312e+09
5.100000000000000000e+02,9.800000000000000000e+01,3.460000000000000000e+02,4.840000000000000000e+02,6.830000000000000000e+02,3.370000000000000000e+02,0.000000000000000000e+00,3.040253988503830840e+01,1.200635000000000000e+05,1.581971557766900301e+09
5.140000000000000000e+02,9.600000000000000000e+01,3.430000000000000000e+02,4.860000000000000000e+02,6.830000000000000000e+02,3.370000000000000000e+02,0.000000000000000000e+00,0.000000000000000000e+00,1.202185000000000000e+05,1.581971557799798727e+09
5.120000000000000000e+02,1.000000000000000000e+02,3.450000000000000000e+02,4.820000000000000000e+02,6.830000000000000000e+02,3.380000000000000000e+02,0.000000000000000000e+00,-2.844637358761851686e+01,1.203070000000000000e+05,1.581971557834952593e+09
5.140000000000000000e+02,9.900000000000000000e+01,3.430000000000000000e+02,4.840000000000000000e+02,6.830000000000000000e+02,3.370000000000000000e+02,0.000000000000000000e+00,3.143708167502379780e+01,1.197165000000000000e+05,1.581971557866762161e+09
5.120000000000000000e+02,9.800000000000000000e+01,3.450000000000000000e+02,4.830000000000000000e+02,6.830000000000000000e+02,3.370000000000000000e+02,0.000000000000000000e+00,0.000000000000000000e+00,1.205250000000000000e+05,1.581971557902152777e+09
5.120000000000000000e+02,9.800000000000000000e+01,3.450000000000000000e+02,4.840000000000000000e+02,6.830000000000000000e+02,3.370000000000000000e+02,0.000000000000000000e+00,0.000000000000000000e+00,1.205025000000000000e+05,1.581971557934949160e+09
5.100000000000000000e+02,9.800000000000000000e+01,3.450000000000000000e+02,4.850000000000000000e+02,6.830000000000000000e+02,3.370000000000000000e+02,0.000000000000000000e+00,0.000000000000000000e+00,1.204150000000000000e+05,1.581971557967839479e+09
5.120000000000000000e+02,9.600000000000000000e+01,3.450000000000000000e+02,4.860000000000000000e+02,6.840000000000000000e+02,3.370000000000000000e+02,-3.025298432642580337e+01,0.000000000000000000e+00,1.206790000000000000e+05,1.581971558000894070e+09
5.100000000000000000e+02,9.700000000000000000e+01,3.470000000000000000e+02,4.840000000000000000e+02,6.820000000000000000e+02,3.370000000000000000e+02,5.696963605370567763e+01,0.000000000000000000e+00,1.214605000000000000e+05,1.581971558036000490e+09
5.120000000000000000e+02,9.700000000000000000e+01,3.450000000000000000e+02,4.850000000000000000e+02,6.830000000000000000e+02,3.370000000000000000e+02,-2.858615777815641579e+01,0.000000000000000000e+00,1.204340000000000000e+05,1.581971558070982456e+09
5.100000000000000000e+02,9.600000000000000000e+01,3.450000000000000000e+02,4.860000000000000000e+02,6.830000000000000000e+02,3.370000000000000000e+02,0.000000000000000000e+00,0.000000000000000000e+00,1.203810000000000000e+05,1.581971558102075815e+09
5.140000000000000000e+02,9.800000000000000000e+01,3.430000000000000000e+02,4.850000000000000000e+02,6.840000000000000000e+02,3.380000000000000000e+02,-2.955067072483372925e+01,-2.955067072483372925e+01,1.198455000000000000e+05,1.581971558135915995e+09
5.120000000000000000e+02,9.800000000000000000e+01,3.470000000000000000e+02,4.820000000000000000e+02,6.830000000000000000e+02,3.370000000000000000e+02,2.866547748412714824e+01,2.866547748412714824e+01,1.202520000000000000e+05,1.581971558170801163e+09
5.100000000000000000e+02,1.000000000000000000e+02,3.450000000000000000e+02,4.820000000000000000e+02,6.830000000000000000e+02,3.380000000000000000e+02,0.000000000000000000e+00,-3.131105736211890544e+01,1.196610000000000000e+05,1.581971558202738762e+09
5.160000000000000000e+02,9.700000000000000000e+01,3.410000000000000000e+02,4.840000000000000000e+02,6.830000000000000000e+02,3.370000000000000000e+02,0.000000000000000000e+00,2.832075624577987938e+01,1.201465000000000000e+05,1.581971558238048553e+09
5.140000000000000000e+02,9.600000000000000000e+01,3.430000000000000000e+02,4.860000000000000000e+02,6.830000000000000000e+02,3.370000000000000000e+02,0.000000000000000000e+00,0.000000000000000000e+00,1.199660000000000000e+05,1.581971558270924330e+09
5.140000000000000000e+02,9.900000000000000000e+01,3.430000000000000000e+02,4.830000000000000000e+02,6.840000000000000000e+02,3.370000000000000000e+02,-2.945417518135406354e+01,0.000000000000000000e+00,1.196605000000000000e+05,1.581971558304875374e+09
5.140000000000000000e+02,9.800000000000000000e+01,3.430000000000000000e+02,4.840000000000000000e+02,6.830000000000000000e+02,3.370000000000000000e+02,2.863709853615905487e+01,0.000000000000000000e+00,1.204490000000000000e+05,1.581971558339795113e+09
5.140000000000000000e+02,9.800000000000000000e+01,3.430000000000000000e+02,4.820000000000000000e+02,6.830000000000000000e+02,3.370000000000000000e+02,0.000000000000000000e+00,0.000000000000000000e+00,1.197590000000000000e+05,1.581971558373754025e+09
5.140000000000000000e+02,9.800000000000000000e+01,3.430000000000000000e+02,4.840000000000000000e+02,6.830000000000000000e+02,3.370000000000000000e+02,0.000000000000000000e+00,0.000000000000000000e+00,1.200610000000000000e+05,1.581971558405744314e+09
5.140000000000000000e+02,9.900000000000000000e+01,3.430000000000000000e+02,4.830000000000000000e+02,6.830000000000000000e+02,3.380000000000000000e+02,0.000000000000000000e+00,-2.933141254711637202e+01,1.202205000000000000e+05,1.581971558439837456e+09
5.120000000000000000e+02,9.800000000000000000e+01,3.450000000000000000e+02,4.840000000000000000e+02,6.830000000000000000e+02,3.380000000000000000e+02,0.000000000000000000e+00,0.000000000000000000e+00,1.199585000000000000e+05,1.581971558473724127e+09
5.100000000000000000e+02,1.010000000000000000e+02,3.470000000000000000e+02,4.810000000000000000e+02,6.830000000000000000e+02,3.370000000000000000e+02,0.000000000000000000e+00,2.866606522868312368e+01,1.196185000000000000e+05,1.581971558508608580e+09
5.120000000000000000e+02,9.600000000000000000e+01,3.430000000000000000e+02,4.860000000000000000e+02,6.830000000000000000e+02,3.370000000000000000e+02,0.000000000000000000e+00,0.000000000000000000e+00,1.199910000000000000e+05,1.581971558540500402e+09
5.120000000000000000e+02,9.500000000000000000e+01,3.450000000000000000e+02,4.870000000000000000e+02,6.830000000000000000e+02,3.380000000000000000e+02,0.000000000000000000e+00,-3.124085894962646393e+01,1.206155000000000000e+05,1.581971558572509766e+09
5.100000000000000000e+02,9.900000000000000000e+01,3.470000000000000000e+02,4.840000000000000000e+02,6.820000000000000000e+02,3.370000000000000000e+02,2.954983795970128213e+01,2.954983795970128213e+01,1.204480000000000000e+05,1.581971558606350899e+09
5.120000000000000000e+02,9.500000000000000000e+01,3.450000000000000000e+02,4.870000000000000000e+02,6.830000000000000000e+02,3.370000000000000000e+02,-3.020744688512783682e+01,0.000000000000000000e+00,1.203525000000000000e+05,1.581971558639455318e+09
5.140000000000000000e+02,9.900000000000000000e+01,3.430000000000000000e+02,4.830000000000000000e+02,6.840000000000000000e+02,3.360000000000000000e+02,-2.951594266130905098e+01,2.951594266130905098e+01,1.201620000000000000e+05,1.581971558673335314e+09
5.120000000000000000e+02,9.800000000000000000e+01,3.450000000000000000e+02,4.840000000000000000e+02,6.830000000000000000e+02,3.370000000000000000e+02,2.950182526675623151e+01,-2.950182526675623151e+01,1.203385000000000000e+05,1.581971558707231522e+09
5.120000000000000000e+02,1.000000000000000000e+02,3.450000000000000000e+02,4.810000000000000000e+02,6.830000000000000000e+02,3.380000000000000000e+02,0.000000000000000000e+00,-2.952009740785315728e+01,1.198735000000000000e+05,1.581971558741106749e+09
5.120000000000000000e+02,9.600000000000000000e+01,3.450000000000000000e+02,4.860000000000000000e+02,6.830000000000000000e+02,3.380000000000000000e+02,0.000000000000000000e+00,0.000000000000000000e+00,1.202305000000000000e+05,1.581971558774993658e+09
5.140000000000000000e+02,1.030000000000000000e+02,3.430000000000000000e+02,4.780000000000000000e+02,6.830000000000000000e+02,3.370000000000000000e+02,0.000000000000000000e+00,2.996916129585435229e+01,1.194645000000000000e+05,1.581971558808361292e+09
5.100000000000000000e+02,9.600000000000000000e+01,3.470000000000000000e+02,4.860000000000000000e+02,6.830000000000000000e+02,3.370000000000000000e+02,0.000000000000000000e+00,0.000000000000000000e+00,1.206800000000000000e+05,1.581971558841655970e+09
5.130000000000000000e+02,9.900000000000000000e+01,3.440000000000000000e+02,4.780000000000000000e+02,6.830000000000000000e+02,3.360000000000000000e+02,0.000000000000000000e+00,2.943681089237463766e+01,1.197430000000000000e+05,1.581971558875627041e+09
5.120000000000000000e+02,1.000000000000000000e+02,3.430000000000000000e+02,4.810000000000000000e+02,6.830000000000000000e+02,3.380000000000000000e+02,0.000000000000000000e+00,-6.082183278833534956e+01,1.201730000000000000e+05,1.581971558908509970e+09
5.120000000000000000e+02,9.500000000000000000e+01,3.450000000000000000e+02,4.870000000000000000e+02,6.830000000000000000e+02,3.360000000000000000e+02,0.000000000000000000e+00,6.071134527979619833e+01,1.207185000000000000e+05,1.581971558941452742e+09
5.100000000000000000e+02,1.000000000000000000e+02,3.450000000000000000e+02,4.820000000000000000e+02,6.830000000000000000e+02,3.370000000000000000e+02,0.000000000000000000e+00,-2.962413832071420572e+01,1.201555000000000000e+05,1.581971558975208998e+09
5.080000000000000000e+02,9.700000000000000000e+01,3.490000000000000000e+02,4.810000000000000000e+02,6.820000000000000000e+02,3.370000000000000000e+02,2.950992035572566508e+01,0.000000000000000000e+00,1.205225000000000000e+05,1.581971559009095907e+09
5.100000000000000000e+02,9.600000000000000000e+01,3.490000000000000000e+02,4.860000000000000000e+02,6.830000000000000000e+02,3.380000000000000000e+02,-2.866684892558368247e+01,-2.866684892558368247e+01,1.199825000000000000e+05,1.581971559043979406e+09
5.140000000000000000e+02,9.600000000000000000e+01,3.430000000000000000e+02,4.840000000000000000e+02,6.830000000000000000e+02,3.360000000000000000e+02,0.000000000000000000e+00,6.271059379368603715e+01,1.203310000000000000e+05,1.581971559075871944e+09
5.120000000000000000e+02,9.900000000000000000e+01,3.450000000000000000e+02,4.830000000000000000e+02,6.830000000000000000e+02,3.370000000000000000e+02,0.000000000000000000e+00,-3.040408257944792325e+01,1.201225000000000000e+05,1.581971559108762264e+09
5.100000000000000000e+02,1.000000000000000000e+02,3.450000000000000000e+02,4.800000000000000000e+02,6.820000000000000000e+02,3.370000000000000000e+02,2.782272754409589410e+01,0.000000000000000000e+00,1.202370000000000000e+05,1.581971559144704103e+09
5.120000000000000000e+02,9.600000000000000000e+01,3.450000000000000000e+02,4.860000000000000000e+02,6.830000000000000000e+02,3.360000000000000000e+02,-3.037061924346869191e+01,3.037061924346869191e+01,1.203915000000000000e+05,1.581971559177630663e+09
5.140000000000000000e+02,1.000000000000000000e+02,3.430000000000000000e+02,4.820000000000000000e+02,6.830000000000000000e+02,3.370000000000000000e+02,0.000000000000000000e+00,-2.959633636049309402e+01,1.195770000000000000e+05,1.581971559211418629e+09
5.130000000000000000e+02,1.000000000000000000e+02,3.440000000000000000e+02,4.810000000000000000e+02,6.830000000000000000e+02,3.370000000000000000e+02,0.000000000000000000e+00,0.000000000000000000e+00,1.205115000000000000e+05,1.581971559244388103e+09
5.140000000000000000e+02,9.400000000000000000e+01,3.430000000000000000e+02,4.880000000000000000e+02,6.830000000000000000e+02,3.360000000000000000e+02,0.000000000000000000e+00,2.451934689964398828e+01,1.203145000000000000e+05,1.581971559285172224e+09
5.120000000000000000e+02,9.700000000000000000e+01,3.450000000000000000e+02,4.850000000000000000e+02,6.830000000000000000e+02,3.360000000000000000e+02,0.000000000000000000e+00,0.000000000000000000e+00,1.202440000000000000e+05,1.581971559311417580e+09
5.120000000000000000e+02,9.700000000000000000e+01,3.450000000000000000e+02,4.840000000000000000e+02,6.830000000000000000e+02,3.370000000000000000e+02,0.000000000000000000e+00,-2.957838691706099254e+01,1.201795000000000000e+05,1.581971559345226049e+09
5.120000000000000000e+02,9.700000000000000000e+01,3.450000000000000000e+02,4.850000000000000000e+02,6.840000000000000000e+02,3.370000000000000000e+02,-2.711758506765974275e+01,0.000000000000000000e+00,1.197445000000000000e+05,1.581971559382102489e+09
5.120000000000000000e+02,9.600000000000000000e+01,3.430000000000000000e+02,4.860000000000000000e+02,6.830000000000000000e+02,3.360000000000000000e+02,3.133164012310634305e+01,3.133164012310634305e+01,1.198550000000000000e+05,1.581971559414019108e+09
5.120000000000000000e+02,9.600000000000000000e+01,3.450000000000000000e+02,4.860000000000000000e+02,6.830000000000000000e+02,3.370000000000000000e+02,0.000000000000000000e+00,-3.041444472644211672e+01,1.205685000000000000e+05,1.581971559446898222e+09
5.120000000000000000e+02,9.700000000000000000e+01,3.450000000000000000e+02,4.840000000000000000e+02,6.830000000000000000e+02,3.360000000000000000e+02,0.000000000000000000e+00,2.854743949252674895e+01,1.197685000000000000e+05,1.581971559481927633e+09
5.120000000000000000e+02,1.000000000000000000e+02,3.450000000000000000e+02,4.800000000000000000e+02,6.830000000000000000e+02,3.370000000000000000e+02,0.000000000000000000e+00,-3.114643854333749218e+01,1.197960000000000000e+05,1.581971559514034033e+09
5.120000000000000000e+02,9.800000000000000000e+01,3.430000000000000000e+02,4.820000000000000000e+02,6.830000000000000000e+02,3.350000000000000000e+02,0.000000000000000000e+00,6.064375460867805145e+01,1.186555000000000000e+05,1.581971559547013521e+09
5.140000000000000000e+02,9.600000000000000000e+01,3.410000000000000000e+02,4.870000000000000000e+02,6.830000000000000000e+02,3.370000000000000000e+02,0.000000000000000000e+00,-5.715907031255323290e+01,1.201470000000000000e+05,1.581971559582003593e+09
5.140000000000000000e+02,9.700000000000000000e+01,3.430000000000000000e+02,4.860000000000000000e+02,6.830000000000000000e+02,3.360000000000000000e+02,0.000000000000000000e+00,3.011937726202102539e+01,1.200650000000000000e+05,1.581971559615204811e+09
5.140000000000000000e+02,9.500000000000000000e+01,3.430000000000000000e+02,4.860000000000000000e+02,6.840000000000000000e+02,3.370000000000000000e+02,-3.046149376870116043e+01,-3.046149376870116043e+01,1.200210000000000000e+05,1.581971559648033142e+09
5.100000000000000000e+02,9.700000000000000000e+01,3.470000000000000000e+02,4.840000000000000000e+02,6.830000000000000000e+02,3.370000000000000000e+02,2.790380073579796871e+01,0.000000000000000000e+00,1.203925000000000000e+05,1.581971559683870554e+09
5.120000000000000000e+02,9.600000000000000000e+01,3.450000000000000000e+02,4.860000000000000000e+02,6.830000000000000000e+02,3.360000000000000000e+02,0.000000000000000000e+00,2.502194780014914244e+01,1.202985000000000000e+05,1.581971559723835468e+09
5.130000000000000000e+02,1.050000000000000000e+02,3.460000000000000000e+02,4.770000000000000000e+02,6.830000000000000000e+02,3.390000000000000000e+02,0.000000000000000000e+00,-1.259286035968414978e+02,1.193730000000000000e+05,1.581971559747658491e+09
5.120000000000000000e+02,9.500000000000000000e+01,3.450000000000000000e+02,4.870000000000000000e+02,6.830000000000000000e+02,3.370000000000000000e+02,0.000000000000000000e+00,5.574344457291708466e+01,1.204435000000000000e+05,1.581971559783537149e+09
5.120000000000000000e+02,9.400000000000000000e+01,3.450000000000000000e+02,4.880000000000000000e+02,6.830000000000000000e+02,3.360000000000000000e+02,0.000000000000000000e+00,3.039306676714830147e+01,1.203115000000000000e+05,1.581971559816439390e+09
5.140000000000000000e+02,9.500000000000000000e+01,3.430000000000000000e+02,4.860000000000000000e+02,6.830000000000000000e+02,3.370000000000000000e+02,0.000000000000000000e+00,-3.136678682002423102e+01,1.204500000000000000e+05,1.581971559848320246e+09
5.120000000000000000e+02,9.600000000000000000e+01,3.450000000000000000e+02,4.860000000000000000e+02,6.830000000000000000e+02,3.370000000000000000e+02,0.000000000000000000e+00,0.000000000000000000e+00,1.202270000000000000e+05,1.581971559883203506e+09
5.120000000000000000e+02,9.800000000000000000e+01,3.450000000000000000e+02,4.840000000000000000e+02,6.830000000000000000e+02,3.370000000000000000e+02,0.000000000000000000e+00,0.000000000000000000e+00,1.197460000000000000e+05,1.581971559916093349e+09
5.140000000000000000e+02,9.600000000000000000e+01,3.410000000000000000e+02,4.860000000000000000e+02,6.830000000000000000e+02,3.370000000000000000e+02,0.000000000000000000e+00,0.000000000000000000e+00,1.198575000000000000e+05,1.581971559951359510e+09
5.130000000000000000e+02,1.010000000000000000e+02,3.420000000000000000e+02,4.810000000000000000e+02,6.830000000000000000e+02,3.370000000000000000e+02,0.000000000000000000e+00,0.000000000000000000e+00,1.198645000000000000e+05,1.581971559984290600e+09
5.100000000000000000e+02,1.020000000000000000e+02,3.470000000000000000e+02,4.800000000000000000e+02,6.830000000000000000e+02,3.370000000000000000e+02,0.000000000000000000e+00,0.000000000000000000e+00,1.204240000000000000e+05,1.581971560018135786e+09
5.100000000000000000e+02,9.500000000000000000e+01,3.490000000000000000e+02,4.870000000000000000e+02,6.830000000000000000e+02,3.360000000000000000e+02,0.000000000000000000e+00,3.098354164819903644e+01,1.203030000000000000e+05,1.581971560050410986e+09
5.120000000000000000e+02,1.000000000000000000e+02,3.450000000000000000e+02,4.820000000000000000e+02,6.830000000000000000e+02,3.370000000000000000e+02,0.000000000000000000e+00,-2.951033560824597046e+01,1.204345000000000000e+05,1.581971560084297419e+09
5.100000000000000000e+02,9.700000000000000000e+01,3.470000000000000000e+02,4.850000000000000000e+02,6.830000000000000000e+02,3.370000000000000000e+02,0.000000000000000000e+00,0.000000000000000000e+00,1.203700000000000000e+05,1.581971560117189169e+09
5.120000000000000000e+02,9.500000000000000000e+01,3.430000000000000000e+02,4.870000000000000000e+02,6.830000000000000000e+02,3.370000000000000000e+02,0.000000000000000000e+00,0.000000000000000000e+00,1.209400000000000000e+05,1.581971560152246714e+09
5.120000000000000000e+02,9.500000000000000000e+01,3.450000000000000000e+02,4.860000000000000000e+02,6.830000000000000000e+02,3.370000000000000000e+02,0.000000000000000000e+00,0.000000000000000000e+00,1.207570000000000000e+05,1.581971560186134100e+09
5.140000000000000000e+02,9.500000000000000000e+01,3.430000000000000000e+02,4.810000000000000000e+02,6.830000000000000000e+02,3.360000000000000000e+02,0.000000000000000000e+00,3.111709238747394224e+01,1.202170000000000000e+05,1.581971560218270779e+09
5.120000000000000000e+02,9.600000000000000000e+01,3.430000000000000000e+02,4.860000000000000000e+02,6.830000000000000000e+02,3.370000000000000000e+02,0.000000000000000000e+00,-2.939905234530518285e+01,1.200690000000000000e+05,1.581971560252285480e+09
5.130000000000000000e+02,9.600000000000000000e+01,3.420000000000000000e+02,4.860000000000000000e+02,6.830000000000000000e+02,3.370000000000000000e+02,0.000000000000000000e+00,0.000000000000000000e+00,1.201460000000000000e+05,1.581971560287099123e+09
5.140000000000000000e+02,9.700000000000000000e+01,3.430000000000000000e+02,4.850000000000000000e+02,6.830000000000000000e+02,3.360000000000000000e+02,0.000000000000000000e+00,2.955004614658409423e+01,1.202240000000000000e+05,1.581971560320940018e+09
5.120000000000000000e+02,9.600000000000000000e+01,3.450000000000000000e+02,4.860000000000000000e+02,6.830000000000000000e+02,3.360000000000000000e+02,0.000000000000000000e+00,0.000000000000000000e+00,1.201405000000000000e+05,1.581971560354860306e+09
5.120000000000000000e+02,1.000000000000000000e+02,3.430000000000000000e+02,4.820000000000000000e+02,6.820000000000000000e+02,3.370000000000000000e+02,3.044734167658759105e+01,-3.044734167658759105e+01,1.202935000000000000e+05,1.581971560387703896e+09
5.120000000000000000e+02,9.600000000000000000e+01,3.430000000000000000e+02,4.870000000000000000e+02,6.830000000000000000e+02,3.370000000000000000e+02,-2.866586931115318038e+01,0.000000000000000000e+00,1.201365000000000000e+05,1.581971560422588587e+09
5.140000000000000000e+02,9.600000000000000000e+01,3.410000000000000000e+02,4.850000000000000000e+02,6.830000000000000000e+02,3.370000000000000000e+02,0.000000000000000000e+00,0.000000000000000000e+00,1.204210000000000000e+05,1.581971560452487469e+09
5.140000000000000000e+02,9.500000000000000000e+01,3.430000000000000000e+02,4.870000000000000000e+02,6.830000000000000000e+02,3.370000000000000000e+02,0.000000000000000000e+00,0.000000000000000000e+00,1.204330000000000000e+05,1.581971560489470720e+09
5.120000000000000000e+02,9.800000000000000000e+01,3.450000000000000000e+02,4.840000000000000000e+02,6.830000000000000000e+02,3.370000000000000000e+02,0.000000000000000000e+00,0.000000000000000000e+00,1.202865000000000000e+05,1.581971560522350550e+09
5.120000000000000000e+02,9.700000000000000000e+01,3.450000000000000000e+02,4.860000000000000000e+02,6.830000000000000000e+02,3.370000000000000000e+02,0.000000000000000000e+00,0.000000000000000000e+00,1.205835000000000000e+05,1.581971560555143595e+09
5.120000000000000000e+02,9.600000000000000000e+01,3.430000000000000000e+02,4.860000000000000000e+02,6.830000000000000000e+02,3.360000000000000000e+02,0.000000000000000000e+00,2.950971273384787352e+01,1.203170000000000000e+05,1.581971560589030743e+09
5.120000000000000000e+02,9.600000000000000000e+01,3.450000000000000000e+02,4.850000000000000000e+02,6.830000000000000000e+02,3.360000000000000000e+02,0.000000000000000000e+00,0.000000000000000000e+00,1.208360000000000000e+05,1.581971560622965574e+09
5.100000000000000000e+02,9.900000000000000000e+01,3.470000000000000000e+02,4.830000000000000000e+02,6.830000000000000000e+02,3.360000000000000000e+02,0.000000000000000000e+00,0.000000000000000000e+00,1.204870000000000000e+05,1.581971560656804085e+09
5.100000000000000000e+02,1.010000000000000000e+02,3.450000000000000000e+02,4.810000000000000000e+02,6.830000000000000000e+02,3.380000000000000000e+02,0.000000000000000000e+00,-5.901984071145133015e+01,1.198595000000000000e+05,1.581971560690690994e+09
5.100000000000000000e+02,9.800000000000000000e+01,3.470000000000000000e+02,4.840000000000000000e+02,6.830000000000000000e+02,3.370000000000000000e+02,0.000000000000000000e+00,2.951095850893918993e+01,1.202365000000000000e+05,1.581971560724576712e+09
5.120000000000000000e+02,9.600000000000000000e+01,3.450000000000000000e+02,4.860000000000000000e+02,6.830000000000000000e+02,3.370000000000000000e+02,0.000000000000000000e+00,0.000000000000000000e+00,1.205245000000000000e+05,1.581971560758465290e+09
5.140000000000000000e+02,9.500000000000000000e+01,3.430000000000000000e+02,4.880000000000000000e+02,6.820000000000000000e+02,3.350000000000000000e+02,3.135553130092848662e+01,6.271106260185697323e+01,1.204810000000000000e+05,1.581971560790357590e+09
5.120000000000000000e+02,9.600000000000000000e+01,3.430000000000000000e+02,4.860000000000000000e+02,6.830000000000000000e+02,3.360000000000000000e+02,-3.040474378212237738e+01,-3.040474378212237738e+01,1.204400000000000000e+05,1.581971560823247194e+09
5.100000000000000000e+02,9.600000000000000000e+01,3.450000000000000000e+02,4.850000000000000000e+02,6.820000000000000000e+02,3.370000000000000000e+02,2.851231433329934362e+01,-2.851231433329934362e+01,1.211275000000000000e+05,1.581971560858319759e+09
5.120000000000000000e+02,9.800000000000000000e+01,3.450000000000000000e+02,4.830000000000000000e+02,6.830000000000000000e+02,3.370000000000000000e+02,-3.112332670446113170e+01,0.000000000000000000e+00,1.202420000000000000e+05,1.581971560890450001e+09
5.100000000000000000e+02,9.800000000000000000e+01,3.450000000000000000e+02,4.840000000000000000e+02,6.830000000000000000e+02,3.370000000000000000e+02,0.000000000000000000e+00,0.000000000000000000e+00,1.204475000000000000e+05,1.581971560924433231e+09
5.120000000000000000e+02,9.800000000000000000e+01,3.450000000000000000e+02,4.840000000000000000e+02,6.830000000000000000e+02,3.370000000000000000e+02,0.000000000000000000e+00,0.000000000000000000e+00,1.200690000000000000e+05,1.581971560960215092e+09
5.100000000000000000e+02,9.800000000000000000e+01,3.470000000000000000e+02,4.820000000000000000e+02,6.830000000000000000e+02,3.360000000000000000e+02,0.000000000000000000e+00,3.236470542845017206e+01,1.197010000000000000e+05,1.581971560991112947e+09
5.100000000000000000e+02,9.800000000000000000e+01,3.470000000000000000e+02,4.840000000000000000e+02,6.830000000000000000e+02,3.370000000000000000e+02,0.000000000000000000e+00,-2.857817205619830148e+01,1.203525000000000000e+05,1.581971561026104689e+09
5.120000000000000000e+02,9.700000000000000000e+01,3.450000000000000000e+02,4.850000000000000000e+02,6.830000000000000000e+02,3.370000000000000000e+02,0.000000000000000000e+00,0.000000000000000000e+00,1.205900000000000000e+05,1.581971561058887482e+09
5.100000000000000000e+02,9.800000000000000000e+01,3.470000000000000000e+02,4.850000000000000000e+02,6.830000000000000000e+02,3.370000000000000000e+02,0.000000000000000000e+00,0.000000000000000000e+00,1.204440000000000000e+05,1.581971561091775179e+09
5.140000000000000000e+02,9.700000000000000000e+01,3.430000000000000000e+02,4.850000000000000000e+02,6.830000000000000000e+02,3.380000000000000000e+02,0.000000000000000000e+00,-2.944817805237660480e+01,1.205595000000000000e+05,1.581971561125733137e+09
5.100000000000000000e+02,9.600000000000000000e+01,3.460000000000000000e+02,4.860000000000000000e+02,6.830000000000000000e+02,3.370000000000000000e+02,0.000000000000000000e+00,2.790807106261228299e+01,1.202520000000000000e+05,1.581971561161565065e+09
5.140000000000000000e+02,9.600000000000000000e+01,3.420000000000000000e+02,4.860000000000000000e+02,6.840000000000000000e+02,3.370000000000000000e+02,-3.042459324382158670e+01,0.000000000000000000e+00,1.200120000000000000e+05,1.581971561194433212e+09
5.140000000000000000e+02,1.030000000000000000e+02,3.430000000000000000e+02,4.790000000000000000e+02,6.830000000000000000e+02,3.370000000000000000e+02,3.135623453421349538e+01,0.000000000000000000e+00,1.190145000000000000e+05,1.581971561226324797e+09
5.100000000000000000e+02,9.400000000000000000e+01,3.470000000000000000e+02,4.880000000000000000e+02,6.830000000000000000e+02,3.380000000000000000e+02,0.000000000000000000e+00,-2.859414796433148709e+01,1.205080000000000000e+05,1.581971561261296988e+09
5.140000000000000000e+02,9.800000000000000000e+01,3.420000000000000000e+02,4.840000000000000000e+02,6.830000000000000000e+02,3.360000000000000000e+02,0.000000000000000000e+00,5.917513526478036567e+01,1.198720000000000000e+05,1.581971561295094967e+09
5.150000000000000000e+02,9.700000000000000000e+01,3.400000000000000000e+02,4.860000000000000000e+02,6.830000000000000000e+02,3.370000000000000000e+02,0.000000000000000000e+00,-3.135506249626218533e+01,1.192820000000000000e+05,1.581971561326987743e+09
5.120000000000000000e+02,9.600000000000000000e+01,3.450000000000000000e+02,4.860000000000000000e+02,6.830000000000000000e+02,3.370000000000000000e+02,0.000000000000000000e+00,0.000000000000000000e+00,1.208720000000000000e+05,1.581971561360930204e+09
5.140000000000000000e+02,9.800000000000000000e+01,3.430000000000000000e+02,4.830000000000000000e+02,6.830000000000000000e+02,3.360000000000000000e+02,0.000000000000000000e+00,2.946286501029088356e+01,1.201830000000000000e+05,1.581971561394871235e+09
5.120000000000000000e+02,9.900000000000000000e+01,3.450000000000000000e+02,4.830000000000000000e+02,6.830000000000000000e+02,3.380000000000000000e+02,0.000000000000000000e+00,-5.885049213910383514e+01,1.197515000000000000e+05,1.581971561428855658e+09
5.140000000000000000e+02,9.600000000000000000e+01,3.430000000000000000e+02,4.860000000000000000e+02,6.830000000000000000e+02,3.370000000000000000e+02,0.000000000000000000e+00,2.640501117441531065e+01,1.203795000000000000e+05,1.581971561466727257e+09
5.140000000000000000e+02,9.300000000000000000e+01,3.430000000000000000e+02,4.890000000000000000e+02,6.830000000000000000e+02,3.360000000000000000e+02,0.000000000000000000e+00,3.344286659703229958e+01,1.208455000000000000e+05,1.581971561496629000e+09
5.140000000000000000e+02,9.500000000000000000e+01,3.430000000000000000e+02,4.860000000000000000e+02,6.830000000000000000e+02,3.370000000000000000e+02,0.000000000000000000e+00,-3.027569530161617450e+01,1.207255000000000000e+05,1.581971561529658794e+09
5.140000000000000000e+02,9.400000000000000000e+01,3.410000000000000000e+02,4.860000000000000000e+02,6.830000000000000000e+02,3.360000000000000000e+02,0.000000000000000000e+00,2.866567339630120870e+01,1.202175000000000000e+05,1.581971561564543724e+09
5.120000000000000000e+02,9.500000000000000000e+01,3.430000000000000000e+02,4.860000000000000000e+02,6.830000000000000000e+02,3.370000000000000000e+02,0.000000000000000000e+00,-3.040584585049005284e+01,1.200825000000000000e+05,1.581971561597432137e+09
5.140000000000000000e+02,9.500000000000000000e+01,3.410000000000000000e+02,4.860000000000000000e+02,6.830000000000000000e+02,3.370000000000000000e+02,0.000000000000000000e+00,0.000000000000000000e+00,1.198725000000000000e+05,1.581971561631397963e+09
5.160000000000000000e+02,9.800000000000000000e+01,3.410000000000000000e+02,4.840000000000000000e+02,6.830000000000000000e+02,3.370000000000000000e+02,0.000000000000000000e+00,0.000000000000000000e+00,1.197910000000000000e+05,1.581971561663212061e+09
5.100000000000000000e+02,9.600000000000000000e+01,3.450000000000000000e+02,4.860000000000000000e+02,6.820000000000000000e+02,3.370000000000000000e+02,2.949829802796297784e+01,0.000000000000000000e+00,1.203115000000000000e+05,1.581971561697112322e+09
5.100000000000000000e+02,9.600000000000000000e+01,3.470000000000000000e+02,4.860000000000000000e+02,6.830000000000000000e+02,3.370000000000000000e+02,-2.945976091140236264e+01,0.000000000000000000e+00,1.209145000000000000e+05,1.581971561731056929e+09
5.120000000000000000e+02,9.600000000000000000e+01,3.450000000000000000e+02,4.850000000000000000e+02,6.830000000000000000e+02,3.360000000000000000e+02,0.000000000000000000e+00,3.045618519271544500e+01,1.200345000000000000e+05,1.581971561763890982e+09
5.120000000000000000e+02,9.700000000000000000e+01,3.450000000000000000e+02,4.830000000000000000e+02,6.830000000000000000e+02,3.360000000000000000e+02,0.000000000000000000e+00,0.000000000000000000e+00,1.195230000000000000e+05,1.581971561797762156e+09
5.140000000000000000e+02,9.800000000000000000e+01,3.430000000000000000e+02,4.790000000000000000e+02,6.830000000000000000e+02,3.370000000000000000e+02,0.000000000000000000e+00,-2.949166080720011252e+01,1.200470000000000000e+05,1.581971561831670046e+09
5.140000000000000000e+02,9.600000000000000000e+01,3.450000000000000000e+02,4.860000000000000000e+02,6.830000000000000000e+02,3.370000000000000000e+02,0.000000000000000000e+00,0.000000000000000000e+00,1.203310000000000000e+05,1.581971561865626097e+09
5.120000000000000000e+02,9.700000000000000000e+01,3.470000000000000000e+02,4.850000000000000000e+02,6.830000000000000000e+02,3.370000000000000000e+02,0.000000000000000000e+00,0.000000000000000000e+00,1.201595000000000000e+05,1.581971561900738955e+09
5.140000000000000000e+02,9.900000000000000000e+01,3.430000000000000000e+02,4.830000000000000000e+02,6.830000000000000000e+02,3.370000000000000000e+02,0.000000000000000000e+00,0.000000000000000000e+00,1.204360000000000000e+05,1.581971561933638334e+09
5.140000000000000000e+02,9.900000000000000000e+01,3.410000000000000000e+02,4.830000000000000000e+02,6.830000000000000000e+02,3.370000000000000000e+02,0.000000000000000000e+00,0.000000000000000000e+00,1.201365000000000000e+05,1.581971561964727640e+09
5.120000000000000000e+02,9.600000000000000000e+01,3.450000000000000000e+02,4.860000000000000000e+02,6.830000000000000000e+02,3.370000000000000000e+02,0.000000000000000000e+00,0.000000000000000000e+00,1.203855000000000000e+05,1.581971561999676466e+09
5.120000000000000000e+02,9.700000000000000000e+01,3.450000000000000000e+02,4.850000000000000000e+02,6.830000000000000000e+02,3.370000000000000000e+02,0.000000000000000000e+00,0.000000000000000000e+00,1.197250000000000000e+05,1.581971562033485889e+09
5.100000000000000000e+02,9.600000000000000000e+01,3.470000000000000000e+02,4.880000000000000000e+02,6.830000000000000000e+02,3.370000000000000000e+02,0.000000000000000000e+00,0.000000000000000000e+00,1.200050000000000000e+05,1.581971562066452980e+09
5.120000000000000000e+02,9.900000000000000000e+01,3.470000000000000000e+02,4.830000000000000000e+02,6.830000000000000000e+02,3.380000000000000000e+02,0.000000000000000000e+00,-2.957796974718803895e+01,1.204100000000000000e+05,1.581971562100261927e+09
5.100000000000000000e+02,9.600000000000000000e+01,3.470000000000000000e+02,4.860000000000000000e+02,6.830000000000000000e+02,3.370000000000000000e+02,0.000000000000000000e+00,2.951033560824597046e+01,1.204065000000000000e+05,1.581971562134148359e+09
5.120000000000000000e+02,1.000000000000000000e+02,3.450000000000000000e+02,4.820000000000000000e+02,6.820000000000000000e+02,3.370000000000000000e+02,3.040209914396097446e+01,0.000000000000000000e+00,1.200840000000000000e+05,1.581971562167040825e+09
5.120000000000000000e+02,9.700000000000000000e+01,3.450000000000000000e+02,4.850000000000000000e+02,6.840000000000000000e+02,3.370000000000000000e+02,-5.902440877843528000e+01,0.000000000000000000e+00,1.199875000000000000e+05,1.581971562200925112e+09
5.120000000000000000e+02,9.700000000000000000e+01,3.450000000000000000e+02,4.840000000000000000e+02,6.830000000000000000e+02,3.370000000000000000e+02,2.864961748633879779e+01,0.000000000000000000e+00,1.207700000000000000e+05,1.581971562235829592e+09
5.140000000000000000e+02,9.800000000000000000e+01,3.430000000000000000e+02,4.850000000000000000e+02,6.830000000000000000e+02,3.380000000000000000e+02,0.000000000000000000e+00,-3.137265227050032479e+01,1.207275000000000000e+05,1.581971562267704487e+09
5.140000000000000000e+02,9.800000000000000000e+01,3.410000000000000000e+02,4.820000000000000000e+02,6.830000000000000000e+02,3.370000000000000000e+02,0.000000000000000000e+00,2.866880835531981830e+01,1.198365000000000000e+05,1.581971562302585602e+09
5.140000000000000000e+02,9.800000000000000000e+01,3.430000000000000000e+02,4.840000000000000000e+02,6.830000000000000000e+02,3.380000000000000000e+02,0.000000000000000000e+00,-3.008804814886550361e+01,1.203350000000000000e+05,1.581971562335821390e+09
5.120000000000000000e+02,9.500000000000000000e+01,3.440000000000000000e+02,4.880000000000000000e+02,6.830000000000000000e+02,3.370000000000000000e+02,0.000000000000000000e+00,3.040474378212237738e+01,1.206070000000000000e+05,1.581971562368710995e+09
5.140000000000000000e+02,9.700000000000000000e+01,3.430000000000000000e+02,4.850000000000000000e+02,6.830000000000000000e+02,3.370000000000000000e+02,0.000000000000000000e+00,0.000000000000000000e+00,1.205680000000000000e+05,1.581971562402600288e+09
5.140000000000000000e+02,9.600000000000000000e+01,3.430000000000000000e+02,4.860000000000000000e+02,6.830000000000000000e+02,3.360000000000000000e+02,0.000000000000000000e+00,2.864863904921280024e+01,1.204635000000000000e+05,1.581971562437505960e+09
5.140000000000000000e+02,9.900000000000000000e+01,3.430000000000000000e+02,4.800000000000000000e+02,6.840000000000000000e+02,3.370000000000000000e+02,-2.868763251850129237e+01,-2.868763251850129237e+01,1.198485000000000000e+05,1.581971562472364187e+09
5.100000000000000000e+02,9.800000000000000000e+01,3.470000000000000000e+02,4.840000000000000000e+02,6.830000000000000000e+02,3.370000000000000000e+02,2.866645707177713831e+01,0.000000000000000000e+00,1.203940000000000000e+05,1.581971562507248163e+09
5.120000000000000000e+02,9.700000000000000000e+01,3.460000000000000000e+02,4.840000000000000000e+02,6.830000000000000000e+02,3.370000000000000000e+02,0.000000000000000000e+00,0.000000000000000000e+00,1.204845000000000000e+05,1.581971562537159443e+09
5.120000000000000000e+02,9.600000000000000000e+01,3.450000000000000000e+02,4.850000000000000000e+02,6.830000000000000000e+02,3.370000000000000000e+02,0.000000000000000000e+00,0.000000000000000000e+00,1.208465000000000000e+05,1.581971562572129965e+09
5.100000000000000000e+02,9.800000000000000000e+01,3.470000000000000000e+02,4.840000000000000000e+02,6.830000000000000000e+02,3.370000000000000000e+02,0.000000000000000000e+00,0.000000000000000000e+00,1.203195000000000000e+05,1.581971562604922056e+09
5.100000000000000000e+02,9.500000000000000000e+01,3.450000000000000000e+02,4.870000000000000000e+02,6.830000000000000000e+02,3.350000000000000000e+02,0.000000000000000000e+00,6.076147706036593377e+01,1.197840000000000000e+05,1.581971562637837648e+09
5.120000000000000000e+02,9.800000000000000000e+01,3.450000000000000000e+02,4.840000000000000000e+02,6.830000000000000000e+02,3.370000000000000000e+02,0.000000000000000000e+00,-5.737840462933829144e+01,1.201125000000000000e+05,1.581971562672693968e+09
5.140000000000000000e+02,9.900000000000000000e+01,3.430000000000000000e+02,4.830000000000000000e+02,6.830000000000000000e+02,3.360000000000000000e+02,0.000000000000000000e+00,2.707085414811085755e+01,1.195975000000000000e+05,1.581971562709634066e+09
5.140000000000000000e+02,9.600000000000000000e+01,3.410000000000000000e+02,4.860000000000000000e+02,6.830000000000000000e+02,3.360000000000000000e+02,0.000000000000000000e+00,0.000000000000000000e+00,1.202570000000000000e+05,1.581971562739472151e+09
5.100000000000000000e+02,9.500000000000000000e+01,3.470000000000000000e+02,4.880000000000000000e+02,6.820000000000000000e+02,3.360000000000000000e+02,2.787042586698384738e+01,0.000000000000000000e+00,1.208195000000000000e+05,1.581971562775352478e+09
5.120000000000000000e+02,9.500000000000000000e+01,3.440000000000000000e+02,4.870000000000000000e+02,6.830000000000000000e+02,3.360000000000000000e+02,-2.640534364120546584e+01,0.000000000000000000e+00,1.204605000000000000e+05,1.581971562813223600e+09
5.120000000000000000e+02,9.700000000000000000e+01,3.450000000000000000e+02,4.840000000000000000e+02,6.830000000000000000e+02,3.370000000000000000e+02,0.000000000000000000e+00,-3.715653514289257942e+01,1.202440000000000000e+05,1.581971562840136766e+09
5.120000000000000000e+02,9.700000000000000000e+01,3.450000000000000000e+02,4.850000000000000000e+02,6.830000000000000000e+02,3.370000000000000000e+02,0.000000000000000000e+00,0.000000000000000000e+00,1.200685000000000000e+05,1.581971562877010345e+09
5.100000000000000000e+02,9.900000000000000000e+01,3.470000000000000000e+02,4.840000000000000000e+02,6.830000000000000000e+02,3.370000000000000000e+02,0.000000000000000000e+00,0.000000000000000000e+00,1.199095000000000000e+05,1.581971562906951666e+09
5.100000000000000000e+02,1.000000000000000000e+02,3.470000000000000000e+02,4.810000000000000000e+02,6.820000000000000000e+02,3.370000000000000000e+02,2.869901743438158448e+01,0.000000000000000000e+00,1.206620000000000000e+05,1.581971562941796064e+09
5.120000000000000000e+02,9.600000000000000000e+01,3.450000000000000000e+02,4.850000000000000000e+02,6.830000000000000000e+02,3.360000000000000000e+02,-2.942565894246487090e+01,2.942565894246487090e+01,1.200625000000000000e+05,1.581971562975780010e+09
5.120000000000000000e+02,9.400000000000000000e+01,3.450000000000000000e+02,4.880000000000000000e+02,6.830000000000000000e+02,3.360000000000000000e+02,0.000000000000000000e+00,0.000000000000000000e+00,1.206445000000000000e+05,1.581971563007574558e+09
5.100000000000000000e+02,9.400000000000000000e+01,3.470000000000000000e+02,4.880000000000000000e+02,6.830000000000000000e+02,3.360000000000000000e+02,0.000000000000000000e+00,0.000000000000000000e+00,1.205690000000000000e+05,1.581971563040533781e+09
5.120000000000000000e+02,9.800000000000000000e+01,3.450000000000000000e+02,4.830000000000000000e+02,6.830000000000000000e+02,3.360000000000000000e+02,0.000000000000000000e+00,0.000000000000000000e+00,1.193960000000000000e+05,1.581971563075347185e+09
5.140000000000000000e+02,9.900000000000000000e+01,3.430000000000000000e+02,4.830000000000000000e+02,6.830000000000000000e+02,3.370000000000000000e+02,0.000000000000000000e+00,-3.135389054592481273e+01,1.204635000000000000e+05,1.581971563107241154e+09
5.100000000000000000e+02,9.600000000000000000e+01,3.450000000000000000e+02,4.860000000000000000e+02,6.830000000000000000e+02,3.360000000000000000e+02,0.000000000000000000e+00,2.951095850893918993e+01,1.198985000000000000e+05,1.581971563141126871e+09
5.140000000000000000e+02,9.400000000000000000e+01,3.420000000000000000e+02,4.880000000000000000e+02,6.830000000000000000e+02,3.350000000000000000e+02,0.000000000000000000e+00,2.934085106085301931e+01,1.207100000000000000e+05,1.581971563175209045e+09
5.140000000000000000e+02,9.600000000000000000e+01,3.410000000000000000e+02,4.840000000000000000e+02,6.830000000000000000e+02,3.360000000000000000e+02,0.000000000000000000e+00,-2.866567339630120870e+01,1.202410000000000000e+05,1.581971563210093975e+09
5.140000000000000000e+02,9.800000000000000000e+01,3.410000000000000000e+02,4.840000000000000000e+02,6.830000000000000000e+02,3.370000000000000000e+02,0.000000000000000000e+00,-3.107858741238014844e+01,1.196155000000000000e+05,1.581971563242270470e+09
5.140000000000000000e+02,1.020000000000000000e+02,3.430000000000000000e+02,4.800000000000000000e+02,6.830000000000000000e+02,3.380000000000000000e+02,0.000000000000000000e+00,-2.787098146056216308e+01,1.196930000000000000e+05,1.581971563278150082e+09
5.120000000000000000e+02,9.900000000000000000e+01,3.450000000000000000e+02,4.830000000000000000e+02,6.830000000000000000e+02,3.360000000000000000e+02,0.000000000000000000e+00,6.270824985796728868e+01,1.203045000000000000e+05,1.581971563310043812e+09
5.120000000000000000e+02,9.300000000000000000e+01,3.440000000000000000e+02,4.880000000000000000e+02,6.830000000000000000e+02,3.360000000000000000e+02,0.000000000000000000e+00,0.000000000000000000e+00,1.206625000000000000e+05,1.581971563345925093e+09
5.100000000000000000e+02,1.000000000000000000e+02,3.470000000000000000e+02,4.820000000000000000e+02,6.830000000000000000e+02,3.370000000000000000e+02,0.000000000000000000e+00,-3.131853887279352477e+01,1.203070000000000000e+05,1.581971563377855062e+09
5.120000000000000000e+02,9.500000000000000000e+01,3.450000000000000000e+02,4.850000000000000000e+02,6.840000000000000000e+02,3.360000000000000000e+02,-3.021615157409408425e+01,3.021615157409408425e+01,1.198285000000000000e+05,1.581971563410949945e+09
5.120000000000000000e+02,9.500000000000000000e+01,3.430000000000000000e+02,4.870000000000000000e+02,6.830000000000000000e+02,3.360000000000000000e+02,2.858576812720221838e+01,0.000000000000000000e+00,1.201420000000000000e+05,1.581971563445932388e+09
5.100000000000000000e+02,9.700000000000000000e+01,3.470000000000000000e+02,4.850000000000000000e+02,6.820000000000000000e+02,3.360000000000000000e+02,3.049604467194043877e+01,0.000000000000000000e+00,1.208640000000000000e+05,1.581971563478723526e+09
5.120000000000000000e+02,1.000000000000000000e+02,3.420000000000000000e+02,4.820000000000000000e+02,6.830000000000000000e+02,3.360000000000000000e+02,-2.951012798052500941e+01,0.000000000000000000e+00,1.197630000000000000e+05,1.581971563512610197e+09
5.120000000000000000e+02,1.000000000000000000e+02,3.450000000000000000e+02,4.810000000000000000e+02,6.830000000000000000e+02,3.370000000000000000e+02,0.000000000000000000e+00,-3.135482809918590874e+01,1.205330000000000000e+05,1.581971563544503212e+09
5.120000000000000000e+02,9.600000000000000000e+01,3.430000000000000000e+02,4.860000000000000000e+02,6.830000000000000000e+02,3.370000000000000000e+02,0.000000000000000000e+00,0.000000000000000000e+00,1.202510000000000000e+05,1.581971563578390121e+09
5.120000000000000000e+02,9.700000000000000000e+01,3.430000000000000000e+02,4.850000000000000000e+02,6.830000000000000000e+02,3.360000000000000000e+02,0.000000000000000000e+00,2.866704485650429390e+01,1.200870000000000000e+05,1.581971563613273382e+09
5.120000000000000000e+02,9.800000000000000000e+01,3.450000000000000000e+02,4.840000000000000000e+02,6.830000000000000000e+02,3.360000000000000000e+02,0.000000000000000000e+00,0.000000000000000000e+00,1.200045000000000000e+05,1.581971563645174742e+09
5.120000000000000000e+02,9.700000000000000000e+01,3.450000000000000000e+02,4.850000000000000000e+02,6.830000000000000000e+02,3.360000000000000000e+02,0.000000000000000000e+00,0.000000000000000000e+00,1.202465000000000000e+05,1.581971563680396318e+09
5.120000000000000000e+02,9.900000000000000000e+01,3.450000000000000000e+02,4.830000000000000000e+02,6.830000000000000000e+02,3.370000000000000000e+02,0.000000000000000000e+00,-3.044292184415282776e+01,1.200595000000000000e+05,1.581971563713244677e+09
5.100000000000000000e+02,9.400000000000000000e+01,3.470000000000000000e+02,4.870000000000000000e+02,6.830000000000000000e+02,3.360000000000000000e+02,0.000000000000000000e+00,2.913540660882612343e+01,1.207815000000000000e+05,1.581971563747567177e+09
5.140000000000000000e+02,9.900000000000000000e+01,3.430000000000000000e+02,4.830000000000000000e+02,6.830000000000000000e+02,3.370000000000000000e+02,0.000000000000000000e+00,-2.950763667574203453e+01,1.201760000000000000e+05,1.581971563781456709e+09
5.120000000000000000e+02,9.700000000000000000e+01,3.430000000000000000e+02,4.850000000000000000e+02,6.830000000000000000e+02,3.360000000000000000e+02,0.000000000000000000e+00,2.947259542413851108e+01,1.202285000000000000e+05,1.581971563815386534e+09
5.120000000000000000e+02,9.800000000000000000e+01,3.450000000000000000e+02,4.830000000000000000e+02,6.830000000000000000e+02,3.370000000000000000e+02,0.000000000000000000e+00,-3.036534229120815453e+01,1.201890000000000000e+05,1.581971563848318815e+09
5.100000000000000000e+02,9.600000000000000000e+01,3.470000000000000000e+02,4.830000000000000000e+02,6.820000000000000000e+02,3.360000000000000000e+02,3.040320102061526697e+01,3.040320102061526697e+01,1.207260000000000000e+05,1.581971563881210089e+09
5.140000000000000000e+02,9.500000000000000000e+01,3.430000000000000000e+02,4.860000000000000000e+02,6.830000000000000000e+02,3.360000000000000000e+02,-2.958861125611975851e+01,0.000000000000000000e+00,1.199155000000000000e+05,1.581971563915006876e+09
5.120000000000000000e+02,1.010000000000000000e+02,3.440000000000000000e+02,4.780000000000000000e+02,6.830000000000000000e+02,3.360000000000000000e+02,0.000000000000000000e+00,0.000000000000000000e+00,1.197125000000000000e+05,1.581971563951888561e+09
5.120000000000000000e+02,9.500000000000000000e+01,3.470000000000000000e+02,4.860000000000000000e+02,6.830000000000000000e+02,3.370000000000000000e+02,0.000000000000000000e+00,-3.344926750297066320e+01,1.203210000000000000e+05,1.581971563981784582e+09
5.120000000000000000e+02,9.500000000000000000e+01,3.450000000000000000e+02,4.870000000000000000e+02,6.830000000000000000e+02,3.360000000000000000e+02,0.000000000000000000e+00,2.944776454729274207e+01,1.198965000000000000e+05,1.581971564015743017e+09
5.120000000000000000e+02,9.600000000000000000e+01,3.430000000000000000e+02,4.850000000000000000e+02,6.830000000000000000e+02,3.370000000000000000e+02,0.000000000000000000e+00,-3.046348496183261645e+01,1.200360000000000000e+05,1.581971564048569202e+09
5.120000000000000000e+02,9.600000000000000000e+01,3.440000000000000000e+02,4.800000000000000000e+02,6.820000000000000000e+02,3.350000000000000000e+02,2.944507704728140851e+01,5.889015409456281702e+01,1.204535000000000000e+05,1.581971564082530737e+09
5.120000000000000000e+02,9.500000000000000000e+01,3.430000000000000000e+02,4.860000000000000000e+02,6.820000000000000000e+02,3.370000000000000000e+02,0.000000000000000000e+00,-5.915135104642635611e+01,1.208865000000000000e+05,1.581971564116342306e+09
5.140000000000000000e+02,9.600000000000000000e+01,3.410000000000000000e+02,4.850000000000000000e+02,6.830000000000000000e+02,3.360000000000000000e+02,-3.037985832452086754e+01,3.037985832452086754e+01,1.199650000000000000e+05,1.581971564149258852e+09
5.120000000000000000e+02,9.500000000000000000e+01,3.450000000000000000e+02,4.860000000000000000e+02,6.830000000000000000e+02,3.360000000000000000e+02,0.000000000000000000e+00,0.000000000000000000e+00,1.206840000000000000e+05,1.581971564184115171e+09
5.120000000000000000e+02,9.400000000000000000e+01,3.450000000000000000e+02,4.860000000000000000e+02,6.830000000000000000e+02,3.360000000000000000e+02,0.000000000000000000e+00,0.000000000000000000e+00,1.202005000000000000e+05,1.581971564217005014e+09
5.100000000000000000e+02,9.800000000000000000e+01,3.470000000000000000e+02,4.820000000000000000e+02,6.830000000000000000e+02,3.370000000000000000e+02,0.000000000000000000e+00,-3.040276026036909940e+01,1.201885000000000000e+05,1.581971564249896765e+09
5.140000000000000000e+02,1.010000000000000000e+02,3.430000000000000000e+02,4.810000000000000000e+02,6.830000000000000000e+02,3.370000000000000000e+02,0.000000000000000000e+00,0.000000000000000000e+00,1.199725000000000000e+05,1.581971564283808231e+09
5.120000000000000000e+02,9.600000000000000000e+01,3.430000000000000000e+02,4.860000000000000000e+02,6.830000000000000000e+02,3.370000000000000000e+02,0.000000000000000000e+00,0.000000000000000000e+00,1.200160000000000000e+05,1.581971564318665266e+09
5.140000000000000000e+02,9.800000000000000000e+01,3.430000000000000000e+02,4.840000000000000000e+02,6.840000000000000000e+02,3.360000000000000000e+02,-2.951012798052500941e+01,2.951012798052500941e+01,1.198020000000000000e+05,1.581971564352551937e+09
5.140000000000000000e+02,9.700000000000000000e+01,3.410000000000000000e+02,4.850000000000000000e+02,6.830000000000000000e+02,3.370000000000000000e+02,3.135482809918590874e+01,-3.135482809918590874e+01,1.197430000000000000e+05,1.581971564384444952e+09
5.140000000000000000e+02,9.300000000000000000e+01,3.430000000000000000e+02,4.900000000000000000e+02,6.830000000000000000e+02,3.360000000000000000e+02,0.000000000000000000e+00,2.863690301437203445e+01,1.201880000000000000e+05,1.581971564419364929e+09
5.130000000000000000e+02,9.300000000000000000e+01,3.440000000000000000e+02,4.880000000000000000e+02,6.830000000000000000e+02,3.360000000000000000e+02,0.000000000000000000e+00,0.000000000000000000e+00,1.201360000000000000e+05,1.581971564451292753e+09
5.100000000000000000e+02,9.900000000000000000e+01,3.460000000000000000e+02,4.830000000000000000e+02,6.820000000000000000e+02,3.370000000000000000e+02,2.872240445390983865e+01,-2.872240445390983865e+01,1.208125000000000000e+05,1.581971564486108780e+09
5.120000000000000000e+02,9.800000000000000000e+01,3.450000000000000000e+02,4.820000000000000000e+02,6.830000000000000000e+02,3.360000000000000000e+02,-2.951220438921764000e+01,2.951220438921764000e+01,1.199960000000000000e+05,1.581971564519993067e+09
5.120000000000000000e+02,9.400000000000000000e+01,3.430000000000000000e+02,4.860000000000000000e+02,6.830000000000000000e+02,3.360000000000000000e+02,0.000000000000000000e+00,0.000000000000000000e+00,1.204825000000000000e+05,1.581971564554274797e+09
5.120000000000000000e+02,9.400000000000000000e+01,3.430000000000000000e+02,4.880000000000000000e+02,6.830000000000000000e+02,3.370000000000000000e+02,0.000000000000000000e+00,-2.910851400494128782e+01,1.205015000000000000e+05,1.581971564588629007e+09
5.100000000000000000e+02,9.600000000000000000e+01,3.470000000000000000e+02,4.850000000000000000e+02,6.830000000000000000e+02,3.360000000000000000e+02,0.000000000000000000e+00,3.040518459988256339e+01,1.202210000000000000e+05,1.581971564621518135e+09
5.120000000000000000e+02,9.600000000000000000e+01,3.450000000000000000e+02,4.850000000000000000e+02,6.830000000000000000e+02,3.360000000000000000e+02,0.000000000000000000e+00,0.000000000000000000e+00,1.205565000000000000e+05,1.581971564656472683e+09
5.120000000000000000e+02,9.500000000000000000e+01,3.450000000000000000e+02,4.870000000000000000e+02,6.830000000000000000e+02,3.360000000000000000e+02,0.000000000000000000e+00,0.000000000000000000e+00,1.207450000000000000e+05,1.581971564688295364e+09
5.120000000000000000e+02,9.800000000000000000e+01,3.440000000000000000e+02,4.840000000000000000e+02,6.830000000000000000e+02,3.370000000000000000e+02,0.000000000000000000e+00,-2.951012798052500941e+01,1.200525000000000000e+05,1.581971564722182035e+09
5.120000000000000000e+02,9.600000000000000000e+01,3.470000000000000000e+02,4.850000000000000000e+02,6.830000000000000000e+02,3.360000000000000000e+02,0.000000000000000000e+00,2.951012798052500941e+01,1.204070000000000000e+05,1.581971564756068707e+09
5.120000000000000000e+02,9.900000000000000000e+01,3.450000000000000000e+02,4.830000000000000000e+02,6.830000000000000000e+02,3.370000000000000000e+02,0.000000000000000000e+00,-3.230363524337646197e+01,1.206795000000000000e+05,1.581971564787024975e+09
5.120000000000000000e+02,1.020000000000000000e+02,3.450000000000000000e+02,4.800000000000000000e+02,6.820000000000000000e+02,3.370000000000000000e+02,2.871650497401735080e+01,0.000000000000000000e+00,1.199630000000000000e+05,1.581971564821848154e+09
5.140000000000000000e+02,9.700000000000000000e+01,3.430000000000000000e+02,4.850000000000000000e+02,6.830000000000000000e+02,3.360000000000000000e+02,-2.843075504822845900e+01,2.843075504822845900e+01,1.200785000000000000e+05,1.581971564857021332e+09
5.120000000000000000e+02,9.500000000000000000e+01,3.450000000000000000e+02,4.880000000000000000e+02,6.830000000000000000e+02,3.360000000000000000e+02,0.000000000000000000e+00,0.000000000000000000e+00,1.210975000000000000e+05,1.581971564889012575e+09
5.100000000000000000e+02,9.400000000000000000e+01,3.470000000000000000e+02,4.870000000000000000e+02,6.830000000000000000e+02,3.370000000000000000e+02,0.000000000000000000e+00,-2.949228291976346128e+01,1.207535000000000000e+05,1.581971564922919750e+09
5.160000000000000000e+02,9.400000000000000000e+01,3.390000000000000000e+02,4.870000000000000000e+02,6.840000000000000000e+02,3.360000000000000000e+02,-2.857544624608257422e+01,2.857544624608257422e+01,1.201620000000000000e+05,1.581971564957914829e+09
5.120000000000000000e+02,9.800000000000000000e+01,3.430000000000000000e+02,4.840000000000000000e+02,6.830000000000000000e+02,3.360000000000000000e+02,3.042084191592445208e+01,0.000000000000000000e+00,1.200285000000000000e+05,1.581971564990787029e+09
5.100000000000000000e+02,9.400000000000000000e+01,3.450000000000000000e+02,4.880000000000000000e+02,6.820000000000000000e+02,3.360000000000000000e+02,3.050047994415195163e+01,0.000000000000000000e+00,1.210085000000000000e+05,1.581971565023573399e+09
5.100000000000000000e+02,9.500000000000000000e+01,3.470000000000000000e+02,4.850000000000000000e+02,6.830000000000000000e+02,3.370000000000000000e+02,-3.041444472644211672e+01,-3.041444472644211672e+01,1.204485000000000000e+05,1.581971565056452513e+09
5.120000000000000000e+02,9.300000000000000000e+01,3.450000000000000000e+02,4.890000000000000000e+02,6.830000000000000000e+02,3.360000000000000000e+02,0.000000000000000000e+00,2.841188145639288720e+01,1.210425000000000000e+05,1.581971565091649055e+09
5.120000000000000000e+02,9.700000000000000000e+01,3.450000000000000000e+02,4.840000000000000000e+02,6.830000000000000000e+02,3.360000000000000000e+02,0.000000000000000000e+00,0.000000000000000000e+00,1.207185000000000000e+05,1.581971565124624014e+09
5.100000000000000000e+02,9.400000000000000000e+01,3.460000000000000000e+02,4.880000000000000000e+02,6.830000000000000000e+02,3.370000000000000000e+02,0.000000000000000000e+00,-2.862713032795277002e+01,1.202010000000000000e+05,1.581971565159555912e+09
5.140000000000000000e+02,9.800000000000000000e+01,3.430000000000000000e+02,4.840000000000000000e+02,6.830000000000000000e+02,3.370000000000000000e+02,0.000000000000000000e+00,0.000000000000000000e+00,1.203315000000000000e+05,1.581971565192445755e+09
5.120000000000000000e+02,9.600000000000000000e+01,3.430000000000000000e+02,4.870000000000000000e+02,6.830000000000000000e+02,3.360000000000000000e+02,0.000000000000000000e+00,2.951012798052500941e+01,1.200570000000000000e+05,1.581971565226332426e+09
5.120000000000000000e+02,9.500000000000000000e+01,3.450000000000000000e+02,4.880000000000000000e+02,6.830000000000000000e+02,3.370000000000000000e+02,0.000000000000000000e+00,-3.133655591832465603e+01,1.212425000000000000e+05,1.581971565258244038e+09
5.130000000000000000e+02,9.600000000000000000e+01,3.420000000000000000e+02,4.860000000000000000e+02,6.830000000000000000e+02,3.370000000000000000e+02,0.000000000000000000e+00,0.000000000000000000e+00,1.201990000000000000e+05,1.581971565293108940e+09
0.000000000000000000e+00,0.000000000000000000e+00,0.000000000000000000e+00,0.000000000000000000e+00,0.000000000000000000e+00,0.000000000000000000e+00,0.000000000000000000e+00,0.000000000000000000e+00,0.000000000000000000e+00,0.000000000000000000e+00
